YearQuarter,Industry,Total Gross Earnings
1989Q1,Forestry and Mining,6273000
1989Q2,Forestry and Mining,5601500
1989Q3,Forestry and Mining,5417300
1989Q4,Forestry and Mining,5228800
1990Q1,Forestry and Mining,5234500
1990Q2,Forestry and Mining,5004300
1990Q3,Forestry and Mining,5385500
1990Q4,Forestry and Mining,5388800
1991Q1,Forestry and Mining,5769000
1991Q2,Forestry and Mining,5560500
1991Q3,Forestry and Mining,5727100
1991Q4,Forestry and Mining,5879700
1992Q1,Forestry and Mining,6338500
1992Q2,Forestry and Mining,5993000
1992Q3,Forestry and Mining,5995200
1992Q4,Forestry and Mining,5815100
1993Q1,Forestry and Mining,6628800
1993Q2,Forestry and Mining,5956400
1993Q3,Forestry and Mining,5954400
1993Q4,Forestry and Mining,6107000
1994Q1,Forestry and Mining,7539900
1994Q2,Forestry and Mining,7049700
1994Q3,Forestry and Mining,7032800
1994Q4,Forestry and Mining,6989000
1995Q1,Forestry and Mining,8202900
1995Q2,Forestry and Mining,7649300
1995Q3,Forestry and Mining,7664200
1995Q4,Forestry and Mining,7781400
1996Q1,Forestry and Mining,8511600
1996Q2,Forestry and Mining,7009200
1996Q3,Forestry and Mining,7564400
1996Q4,Forestry and Mining,7780300
1997Q1,Forestry and Mining,8562600
1997Q2,Forestry and Mining,7643900
1997Q3,Forestry and Mining,7699100
1997Q4,Forestry and Mining,7548300
1998Q1,Forestry and Mining,8875200
1998Q2,Forestry and Mining,7706100
1998Q3,Forestry and Mining,7266200
1998Q4,Forestry and Mining,7281700
1999Q1,Forestry and Mining,7032100
1999Q2,Forestry and Mining,7019600
1999Q3,Forestry and Mining,7140200
1999Q4,Forestry and Mining,7336700
2000Q1,Forestry and Mining,6458300
2000Q2,Forestry and Mining,6696500
2000Q3,Forestry and Mining,6834400
2000Q4,Forestry and Mining,7240900
2001Q1,Forestry and Mining,6924600
2001Q2,Forestry and Mining,7084000
2001Q3,Forestry and Mining,7155900
2001Q4,Forestry and Mining,8604300
2002Q1,Forestry and Mining,8987600
2002Q2,Forestry and Mining,9568200
2002Q3,Forestry and Mining,10210100
2002Q4,Forestry and Mining,10532100
2003Q1,Forestry and Mining,10520400
2003Q2,Forestry and Mining,10519300
2003Q3,Forestry and Mining,9883300
2003Q4,Forestry and Mining,9857700
2004Q1,Forestry and Mining,9938600
2004Q2,Forestry and Mining,9734300
2004Q3,Forestry and Mining,9820500
2004Q4,Forestry and Mining,10005600
2005Q1,Forestry and Mining,9933100
2005Q2,Forestry and Mining,9543900
2005Q3,Forestry and Mining,9206100
2005Q4,Forestry and Mining,9876100
2006Q1,Forestry and Mining,10057000
2006Q2,Forestry and Mining,11115300
2006Q3,Forestry and Mining,11201900
2006Q4,Forestry and Mining,11608200
2007Q1,Forestry and Mining,10161600
2007Q2,Forestry and Mining,10788400
2007Q3,Forestry and Mining,11470000
2007Q4,Forestry and Mining,11591100
2008Q1,Forestry and Mining,11397600
2008Q2,Forestry and Mining,11705600
2008Q3,Forestry and Mining,11380500
2008Q4,Forestry and Mining,11448600
2009Q1,Forestry and Mining,11625000
2009Q2,Forestry and Mining,11521900
2009Q3,Forestry and Mining,12350500
2009Q4,Forestry and Mining,11979800
2010Q1,Forestry and Mining,11667400
2010Q2,Forestry and Mining,12109000
2010Q3,Forestry and Mining,12063100
2010Q4,Forestry and Mining,11527700
2011Q1,Forestry and Mining,11856500
2011Q2,Forestry and Mining,11630600
2011Q3,Forestry and Mining,11937800
2011Q4,Forestry and Mining,12876500
2012Q1,Forestry and Mining,13283800
2012Q2,Forestry and Mining,13210400
2012Q3,Forestry and Mining,13883900
2012Q4,Forestry and Mining,14357300
2013Q1,Forestry and Mining,13874500
2013Q2,Forestry and Mining,13872200
2013Q3,Forestry and Mining,13757400
2013Q4,Forestry and Mining,13605000
2014Q1,Forestry and Mining,12264500
2014Q2,Forestry and Mining,13044000
2014Q3,Forestry and Mining,12809600
2014Q4,Forestry and Mining,12355900
2015Q1,Forestry and Mining,12467100
2015Q2,Forestry and Mining,12251600
2015Q3,Forestry and Mining,11593300
2015Q4,Forestry and Mining,10961700
2016Q1,Forestry and Mining,11274100
2016Q2,Forestry and Mining,11746300
2016Q3,Forestry and Mining,11104200
2016Q4,Forestry and Mining,13435400
2017Q1,Forestry and Mining,11540000
2017Q2,Forestry and Mining,13912900
2017Q3,Forestry and Mining,12910100
2017Q4,Forestry and Mining,13667300
2018Q1,Forestry and Mining,12568600
2018Q2,Forestry and Mining,12663200
2018Q3,Forestry and Mining,12527400
2018Q4,Forestry and Mining,12927500
1989Q1,Manufacturing,113051700
1989Q2,Manufacturing,109020700
1989Q3,Manufacturing,102750500
1989Q4,Manufacturing,104070700
1990Q1,Manufacturing,113389300
1990Q2,Manufacturing,112366800
1990Q3,Manufacturing,104316000
1990Q4,Manufacturing,106513600
1991Q1,Manufacturing,112320500
1991Q2,Manufacturing,108386400
1991Q3,Manufacturing,98777500
1991Q4,Manufacturing,102988200
1992Q1,Manufacturing,110796000
1992Q2,Manufacturing,109918900
1992Q3,Manufacturing,101040800
1992Q4,Manufacturing,108238900
1993Q1,Manufacturing,115152600
1993Q2,Manufacturing,113369900
1993Q3,Manufacturing,109399000
1993Q4,Manufacturing,114708700
1994Q1,Manufacturing,119270700
1994Q2,Manufacturing,124961500
1994Q3,Manufacturing,119628200
1994Q4,Manufacturing,124607400
1995Q1,Manufacturing,128410700
1995Q2,Manufacturing,131188300
1995Q3,Manufacturing,125095000
1995Q4,Manufacturing,130096500
1996Q1,Manufacturing,132626300
1996Q2,Manufacturing,135089100
1996Q3,Manufacturing,128728100
1996Q4,Manufacturing,134392100
1997Q1,Manufacturing,132485600
1997Q2,Manufacturing,135404700
1997Q3,Manufacturing,127999400
1997Q4,Manufacturing,131826700
1998Q1,Manufacturing,131649900
1998Q2,Manufacturing,129864300
1998Q3,Manufacturing,125045200
1998Q4,Manufacturing,128386100
1999Q1,Manufacturing,133673100
1999Q2,Manufacturing,131211000
1999Q3,Manufacturing,126119400
1999Q4,Manufacturing,132496300
2000Q1,Manufacturing,137540400
2000Q2,Manufacturing,133858100
2000Q3,Manufacturing,130567700
2000Q4,Manufacturing,137771700
2001Q1,Manufacturing,142281600
2001Q2,Manufacturing,142137100
2001Q3,Manufacturing,137222500
2001Q4,Manufacturing,145972400
2002Q1,Manufacturing,153615300
2002Q2,Manufacturing,152950400
2002Q3,Manufacturing,145497200
2002Q4,Manufacturing,155553000
2003Q1,Manufacturing,162496300
2003Q2,Manufacturing,156834900
2003Q3,Manufacturing,152239900
2003Q4,Manufacturing,158233900
2004Q1,Manufacturing,167244700
2004Q2,Manufacturing,168612500
2004Q3,Manufacturing,161283400
2004Q4,Manufacturing,164837900
2005Q1,Manufacturing,170829400
2005Q2,Manufacturing,169454400
2005Q3,Manufacturing,160135700
2005Q4,Manufacturing,165077300
2006Q1,Manufacturing,167817100
2006Q2,Manufacturing,169200100
2006Q3,Manufacturing,162775200
2006Q4,Manufacturing,169738100
2007Q1,Manufacturing,176480800
2007Q2,Manufacturing,173858700
2007Q3,Manufacturing,167441400
2007Q4,Manufacturing,178677200
2008Q1,Manufacturing,188091900
2008Q2,Manufacturing,189475000
2008Q3,Manufacturing,171494900
2008Q4,Manufacturing,169375800
2009Q1,Manufacturing,171891600
2009Q2,Manufacturing,165957900
2009Q3,Manufacturing,158630700
2009Q4,Manufacturing,163436300
2010Q1,Manufacturing,169409800
2010Q2,Manufacturing,173036600
2010Q3,Manufacturing,164438100
2010Q4,Manufacturing,171141400
2011Q1,Manufacturing,175547200
2011Q2,Manufacturing,175757800
2011Q3,Manufacturing,170979400
2011Q4,Manufacturing,167863400
2012Q1,Manufacturing,180028800
2012Q2,Manufacturing,178826200
2012Q3,Manufacturing,172997000
2012Q4,Manufacturing,174902900
2013Q1,Manufacturing,185759200
2013Q2,Manufacturing,182635700
2013Q3,Manufacturing,179131400
2013Q4,Manufacturing,181566200
2014Q1,Manufacturing,193237800
2014Q2,Manufacturing,192433400
2014Q3,Manufacturing,186810700
2014Q4,Manufacturing,188341600
2015Q1,Manufacturing,204769200
2015Q2,Manufacturing,202397400
2015Q3,Manufacturing,194092200
2015Q4,Manufacturing,198411200
2016Q1,Manufacturing,200495700
2016Q2,Manufacturing,203941800
2016Q3,Manufacturing,196660100
2016Q4,Manufacturing,198581800
2017Q1,Manufacturing,207058600
2017Q2,Manufacturing,211614300
2017Q3,Manufacturing,203637300
2017Q4,Manufacturing,204058500
2018Q1,Manufacturing,214112000
2018Q2,Manufacturing,215161000
2018Q3,Manufacturing,211343000
2018Q4,Manufacturing,214045200
1989Q1,"Electricity, Gas, Water and Waste Services",10259500
1989Q2,"Electricity, Gas, Water and Waste Services",10099400
1989Q3,"Electricity, Gas, Water and Waste Services",10000900
1989Q4,"Electricity, Gas, Water and Waste Services",10002200
1990Q1,"Electricity, Gas, Water and Waste Services",9954500
1990Q2,"Electricity, Gas, Water and Waste Services",9975600
1990Q3,"Electricity, Gas, Water and Waste Services",10048800
1990Q4,"Electricity, Gas, Water and Waste Services",10186100
1991Q1,"Electricity, Gas, Water and Waste Services",10277100
1991Q2,"Electricity, Gas, Water and Waste Services",10166000
1991Q3,"Electricity, Gas, Water and Waste Services",10233200
1991Q4,"Electricity, Gas, Water and Waste Services",9845200
1992Q1,"Electricity, Gas, Water and Waste Services",10003800
1992Q2,"Electricity, Gas, Water and Waste Services",9442200
1992Q3,"Electricity, Gas, Water and Waste Services",9056400
1992Q4,"Electricity, Gas, Water and Waste Services",9137600
1993Q1,"Electricity, Gas, Water and Waste Services",9109000
1993Q2,"Electricity, Gas, Water and Waste Services",8692200
1993Q3,"Electricity, Gas, Water and Waste Services",8726400
1993Q4,"Electricity, Gas, Water and Waste Services",8931200
1994Q1,"Electricity, Gas, Water and Waste Services",9313800
1994Q2,"Electricity, Gas, Water and Waste Services",9367900
1994Q3,"Electricity, Gas, Water and Waste Services",9066700
1994Q4,"Electricity, Gas, Water and Waste Services",9265300
1995Q1,"Electricity, Gas, Water and Waste Services",9388800
1995Q2,"Electricity, Gas, Water and Waste Services",9408800
1995Q3,"Electricity, Gas, Water and Waste Services",9230800
1995Q4,"Electricity, Gas, Water and Waste Services",9328600
1996Q1,"Electricity, Gas, Water and Waste Services",9235400
1996Q2,"Electricity, Gas, Water and Waste Services",9170000
1996Q3,"Electricity, Gas, Water and Waste Services",9344300
1996Q4,"Electricity, Gas, Water and Waste Services",9693600
1997Q1,"Electricity, Gas, Water and Waste Services",9965600
1997Q2,"Electricity, Gas, Water and Waste Services",9642500
1997Q3,"Electricity, Gas, Water and Waste Services",9529300
1997Q4,"Electricity, Gas, Water and Waste Services",9127200
1998Q1,"Electricity, Gas, Water and Waste Services",9020500
1998Q2,"Electricity, Gas, Water and Waste Services",8928900
1998Q3,"Electricity, Gas, Water and Waste Services",8776500
1998Q4,"Electricity, Gas, Water and Waste Services",8446600
1999Q1,"Electricity, Gas, Water and Waste Services",8932700
1999Q2,"Electricity, Gas, Water and Waste Services",7842800
1999Q3,"Electricity, Gas, Water and Waste Services",7318300
1999Q4,"Electricity, Gas, Water and Waste Services",7318000
2000Q1,"Electricity, Gas, Water and Waste Services",7634800
2000Q2,"Electricity, Gas, Water and Waste Services",8185500
2000Q3,"Electricity, Gas, Water and Waste Services",7404400
2000Q4,"Electricity, Gas, Water and Waste Services",7839900
2001Q1,"Electricity, Gas, Water and Waste Services",7788900
2001Q2,"Electricity, Gas, Water and Waste Services",8091500
2001Q3,"Electricity, Gas, Water and Waste Services",8093500
2001Q4,"Electricity, Gas, Water and Waste Services",8163600
2002Q1,"Electricity, Gas, Water and Waste Services",8484600
2002Q2,"Electricity, Gas, Water and Waste Services",8114000
2002Q3,"Electricity, Gas, Water and Waste Services",8206100
2002Q4,"Electricity, Gas, Water and Waste Services",8215300
2003Q1,"Electricity, Gas, Water and Waste Services",8436700
2003Q2,"Electricity, Gas, Water and Waste Services",8485900
2003Q3,"Electricity, Gas, Water and Waste Services",8271500
2003Q4,"Electricity, Gas, Water and Waste Services",8602200
2004Q1,"Electricity, Gas, Water and Waste Services",8477900
2004Q2,"Electricity, Gas, Water and Waste Services",8693300
2004Q3,"Electricity, Gas, Water and Waste Services",8753900
2004Q4,"Electricity, Gas, Water and Waste Services",8510400
2005Q1,"Electricity, Gas, Water and Waste Services",9474000
2005Q2,"Electricity, Gas, Water and Waste Services",9272300
2005Q3,"Electricity, Gas, Water and Waste Services",9544700
2005Q4,"Electricity, Gas, Water and Waste Services",9662300
2006Q1,"Electricity, Gas, Water and Waste Services",9638400
2006Q2,"Electricity, Gas, Water and Waste Services",8818300
2006Q3,"Electricity, Gas, Water and Waste Services",8719900
2006Q4,"Electricity, Gas, Water and Waste Services",8944500
2007Q1,"Electricity, Gas, Water and Waste Services",8957800
2007Q2,"Electricity, Gas, Water and Waste Services",8601500
2007Q3,"Electricity, Gas, Water and Waste Services",8935600
2007Q4,"Electricity, Gas, Water and Waste Services",9260200
2008Q1,"Electricity, Gas, Water and Waste Services",9197900
2008Q2,"Electricity, Gas, Water and Waste Services",9059000
2008Q3,"Electricity, Gas, Water and Waste Services",9139000
2008Q4,"Electricity, Gas, Water and Waste Services",9352600
2009Q1,"Electricity, Gas, Water and Waste Services",8959700
2009Q2,"Electricity, Gas, Water and Waste Services",8462000
2009Q3,"Electricity, Gas, Water and Waste Services",9063100
2009Q4,"Electricity, Gas, Water and Waste Services",10575200
2010Q1,"Electricity, Gas, Water and Waste Services",10698900
2010Q2,"Electricity, Gas, Water and Waste Services",10760800
2010Q3,"Electricity, Gas, Water and Waste Services",10898000
2010Q4,"Electricity, Gas, Water and Waste Services",11481800
2011Q1,"Electricity, Gas, Water and Waste Services",12459500
2011Q2,"Electricity, Gas, Water and Waste Services",12953100
2011Q3,"Electricity, Gas, Water and Waste Services",13309100
2011Q4,"Electricity, Gas, Water and Waste Services",13835800
2012Q1,"Electricity, Gas, Water and Waste Services",15159500
2012Q2,"Electricity, Gas, Water and Waste Services",16686700
2012Q3,"Electricity, Gas, Water and Waste Services",16116700
2012Q4,"Electricity, Gas, Water and Waste Services",16962700
2013Q1,"Electricity, Gas, Water and Waste Services",15681100
2013Q2,"Electricity, Gas, Water and Waste Services",14690600
2013Q3,"Electricity, Gas, Water and Waste Services",16207100
2013Q4,"Electricity, Gas, Water and Waste Services",16604200
2014Q1,"Electricity, Gas, Water and Waste Services",17393300
2014Q2,"Electricity, Gas, Water and Waste Services",18082600
2014Q3,"Electricity, Gas, Water and Waste Services",18390500
2014Q4,"Electricity, Gas, Water and Waste Services",19855200
2015Q1,"Electricity, Gas, Water and Waste Services",19770900
2015Q2,"Electricity, Gas, Water and Waste Services",19903600
2015Q3,"Electricity, Gas, Water and Waste Services",19988600
2015Q4,"Electricity, Gas, Water and Waste Services",20167500
2016Q1,"Electricity, Gas, Water and Waste Services",20224000
2016Q2,"Electricity, Gas, Water and Waste Services",20367500
2016Q3,"Electricity, Gas, Water and Waste Services",20317600
2016Q4,"Electricity, Gas, Water and Waste Services",20622400
2017Q1,"Electricity, Gas, Water and Waste Services",20717500
2017Q2,"Electricity, Gas, Water and Waste Services",21465300
2017Q3,"Electricity, Gas, Water and Waste Services",22245100
2017Q4,"Electricity, Gas, Water and Waste Services",23726900
2018Q1,"Electricity, Gas, Water and Waste Services",23769400
2018Q2,"Electricity, Gas, Water and Waste Services",24097300
2018Q3,"Electricity, Gas, Water and Waste Services",24243200
2018Q4,"Electricity, Gas, Water and Waste Services",23998200
1989Q1,Construction,27299800
1989Q2,Construction,26658200
1989Q3,Construction,26382300
1989Q4,Construction,26655200
1990Q1,Construction,26739900
1990Q2,Construction,25747200
1990Q3,Construction,26271400
1990Q4,Construction,25622200
1991Q1,Construction,27260300
1991Q2,Construction,24647400
1991Q3,Construction,21764300
1991Q4,Construction,22233700
1992Q1,Construction,23167600
1992Q2,Construction,21969900
1992Q3,Construction,20276700
1992Q4,Construction,21860700
1993Q1,Construction,23429100
1993Q2,Construction,22743100
1993Q3,Construction,21760900
1993Q4,Construction,23276800
1994Q1,Construction,25564400
1994Q2,Construction,25787200
1994Q3,Construction,24900100
1994Q4,Construction,26703700
1995Q1,Construction,29803300
1995Q2,Construction,27972300
1995Q3,Construction,28698600
1995Q4,Construction,30495300
1996Q1,Construction,34308200
1996Q2,Construction,31000200
1996Q3,Construction,31166200
1996Q4,Construction,32760600
1997Q1,Construction,35777300
1997Q2,Construction,31993800
1997Q3,Construction,31904300
1997Q4,Construction,33499500
1998Q1,Construction,39283600
1998Q2,Construction,36361500
1998Q3,Construction,35093500
1998Q4,Construction,37409700
1999Q1,Construction,39114900
1999Q2,Construction,39646600
1999Q3,Construction,39192600
1999Q4,Construction,41745100
2000Q1,Construction,43867300
2000Q2,Construction,43954800
2000Q3,Construction,44124000
2000Q4,Construction,44808800
2001Q1,Construction,43358000
2001Q2,Construction,44883400
2001Q3,Construction,44424800
2001Q4,Construction,45463700
2002Q1,Construction,46838300
2002Q2,Construction,48930700
2002Q3,Construction,49691400
2002Q4,Construction,51723800
2003Q1,Construction,51319600
2003Q2,Construction,52452400
2003Q3,Construction,50771700
2003Q4,Construction,55129100
2004Q1,Construction,55712500
2004Q2,Construction,62395500
2004Q3,Construction,60820400
2004Q4,Construction,66579300
2005Q1,Construction,69381900
2005Q2,Construction,67842300
2005Q3,Construction,69928000
2005Q4,Construction,72930400
2006Q1,Construction,76137300
2006Q2,Construction,76481100
2006Q3,Construction,77000600
2006Q4,Construction,82784700
2007Q1,Construction,86226000
2007Q2,Construction,90031600
2007Q3,Construction,89698600
2007Q4,Construction,95499400
2008Q1,Construction,98387200
2008Q2,Construction,97760000
2008Q3,Construction,94333800
2008Q4,Construction,94522500
2009Q1,Construction,93218800
2009Q2,Construction,91129500
2009Q3,Construction,90146800
2009Q4,Construction,82674700
2010Q1,Construction,83961900
2010Q2,Construction,80614000
2010Q3,Construction,81647700
2010Q4,Construction,83757300
2011Q1,Construction,89337400
2011Q2,Construction,86951000
2011Q3,Construction,87055200
2011Q4,Construction,90288600
2012Q1,Construction,90806500
2012Q2,Construction,95355800
2012Q3,Construction,96544200
2012Q4,Construction,99035200
2013Q1,Construction,104749600
2013Q2,Construction,103872500
2013Q3,Construction,104034400
2013Q4,Construction,107953700
2014Q1,Construction,115123900
2014Q2,Construction,116436000
2014Q3,Construction,116494900
2014Q4,Construction,120347600
2015Q1,Construction,128209700
2015Q2,Construction,129585700
2015Q3,Construction,134709000
2015Q4,Construction,142288100
2016Q1,Construction,142276700
2016Q2,Construction,145197700
2016Q3,Construction,141440200
2016Q4,Construction,150905400
2017Q1,Construction,160015000
2017Q2,Construction,160594600
2017Q3,Construction,161473100
2017Q4,Construction,165925500
2018Q1,Construction,164055400
2018Q2,Construction,167821400
2018Q3,Construction,167260400
2018Q4,Construction,180303500
1989Q1,Wholesale Trade,34203100
1989Q2,Wholesale Trade,33384600
1989Q3,Wholesale Trade,33260400
1989Q4,Wholesale Trade,32921600
1990Q1,Wholesale Trade,35463500
1990Q2,Wholesale Trade,34241000
1990Q3,Wholesale Trade,35500500
1990Q4,Wholesale Trade,36333500
1991Q1,Wholesale Trade,38072700
1991Q2,Wholesale Trade,35741400
1991Q3,Wholesale Trade,35167600
1991Q4,Wholesale Trade,35823900
1992Q1,Wholesale Trade,37690900
1992Q2,Wholesale Trade,37060300
1992Q3,Wholesale Trade,36906300
1992Q4,Wholesale Trade,38227000
1993Q1,Wholesale Trade,38847900
1993Q2,Wholesale Trade,39449500
1993Q3,Wholesale Trade,39882500
1993Q4,Wholesale Trade,41163200
1994Q1,Wholesale Trade,41500200
1994Q2,Wholesale Trade,43664400
1994Q3,Wholesale Trade,44340700
1994Q4,Wholesale Trade,45283600
1995Q1,Wholesale Trade,46030300
1995Q2,Wholesale Trade,46813300
1995Q3,Wholesale Trade,47981500
1995Q4,Wholesale Trade,50101300
1996Q1,Wholesale Trade,49355200
1996Q2,Wholesale Trade,51112600
1996Q3,Wholesale Trade,52797700
1996Q4,Wholesale Trade,53923500
1997Q1,Wholesale Trade,52446400
1997Q2,Wholesale Trade,55892500
1997Q3,Wholesale Trade,57179000
1997Q4,Wholesale Trade,58599800
1998Q1,Wholesale Trade,54463200
1998Q2,Wholesale Trade,57544600
1998Q3,Wholesale Trade,57373500
1998Q4,Wholesale Trade,55877000
1999Q1,Wholesale Trade,55370700
1999Q2,Wholesale Trade,54723100
1999Q3,Wholesale Trade,55538600
1999Q4,Wholesale Trade,57437600
2000Q1,Wholesale Trade,57415100
2000Q2,Wholesale Trade,56432100
2000Q3,Wholesale Trade,57918900
2000Q4,Wholesale Trade,59472700
2001Q1,Wholesale Trade,60754900
2001Q2,Wholesale Trade,62851800
2001Q3,Wholesale Trade,62430800
2001Q4,Wholesale Trade,63398200
2002Q1,Wholesale Trade,64632600
2002Q2,Wholesale Trade,64395700
2002Q3,Wholesale Trade,66143200
2002Q4,Wholesale Trade,65873800
2003Q1,Wholesale Trade,64553600
2003Q2,Wholesale Trade,64953700
2003Q3,Wholesale Trade,65839300
2003Q4,Wholesale Trade,67193700
2004Q1,Wholesale Trade,65335900
2004Q2,Wholesale Trade,67447300
2004Q3,Wholesale Trade,69450000
2004Q4,Wholesale Trade,69859600
2005Q1,Wholesale Trade,71467700
2005Q2,Wholesale Trade,76614400
2005Q3,Wholesale Trade,76512500
2005Q4,Wholesale Trade,77318000
2006Q1,Wholesale Trade,76339300
2006Q2,Wholesale Trade,76428600
2006Q3,Wholesale Trade,78136700
2006Q4,Wholesale Trade,79391900
2007Q1,Wholesale Trade,78991000
2007Q2,Wholesale Trade,80579900
2007Q3,Wholesale Trade,83206300
2007Q4,Wholesale Trade,87817300
2008Q1,Wholesale Trade,87422100
2008Q2,Wholesale Trade,88566800
2008Q3,Wholesale Trade,88797300
2008Q4,Wholesale Trade,87468900
2009Q1,Wholesale Trade,87477700
2009Q2,Wholesale Trade,86016500
2009Q3,Wholesale Trade,83728900
2009Q4,Wholesale Trade,84489200
2010Q1,Wholesale Trade,82201500
2010Q2,Wholesale Trade,81893000
2010Q3,Wholesale Trade,81040400
2010Q4,Wholesale Trade,84179600
2011Q1,Wholesale Trade,85672300
2011Q2,Wholesale Trade,89657000
2011Q3,Wholesale Trade,88697500
2011Q4,Wholesale Trade,89015300
2012Q1,Wholesale Trade,91000900
2012Q2,Wholesale Trade,92874500
2012Q3,Wholesale Trade,96098400
2012Q4,Wholesale Trade,96060800
2013Q1,Wholesale Trade,95250300
2013Q2,Wholesale Trade,98513900
2013Q3,Wholesale Trade,99019200
2013Q4,Wholesale Trade,101827000
2014Q1,Wholesale Trade,102693400
2014Q2,Wholesale Trade,101484500
2014Q3,Wholesale Trade,106168000
2014Q4,Wholesale Trade,102353900
2015Q1,Wholesale Trade,100192000
2015Q2,Wholesale Trade,104621100
2015Q3,Wholesale Trade,108508200
2015Q4,Wholesale Trade,108763000
2016Q1,Wholesale Trade,113395400
2016Q2,Wholesale Trade,111540600
2016Q3,Wholesale Trade,117113800
2016Q4,Wholesale Trade,114747200
2017Q1,Wholesale Trade,116022000
2017Q2,Wholesale Trade,114176900
2017Q3,Wholesale Trade,116455200
2017Q4,Wholesale Trade,121229000
2018Q1,Wholesale Trade,123881000
2018Q2,Wholesale Trade,126653900
2018Q3,Wholesale Trade,128740000
2018Q4,Wholesale Trade,132004000
1989Q1,Retail Trade,33436900
1989Q2,Retail Trade,33526400
1989Q3,Retail Trade,32706600
1989Q4,Retail Trade,33157600
1990Q1,Retail Trade,34412100
1990Q2,Retail Trade,33426000
1990Q3,Retail Trade,34057700
1990Q4,Retail Trade,34633100
1991Q1,Retail Trade,35868600
1991Q2,Retail Trade,34595700
1991Q3,Retail Trade,33278700
1991Q4,Retail Trade,33329600
1992Q1,Retail Trade,34067400
1992Q2,Retail Trade,33304300
1992Q3,Retail Trade,32723700
1992Q4,Retail Trade,34460200
1993Q1,Retail Trade,34514400
1993Q2,Retail Trade,34585200
1993Q3,Retail Trade,34093200
1993Q4,Retail Trade,35405200
1994Q1,Retail Trade,35845500
1994Q2,Retail Trade,37275400
1994Q3,Retail Trade,37387900
1994Q4,Retail Trade,38987000
1995Q1,Retail Trade,38042400
1995Q2,Retail Trade,38718400
1995Q3,Retail Trade,39814100
1995Q4,Retail Trade,41009200
1996Q1,Retail Trade,40341400
1996Q2,Retail Trade,41351200
1996Q3,Retail Trade,42310400
1996Q4,Retail Trade,45093200
1997Q1,Retail Trade,41457700
1997Q2,Retail Trade,45556000
1997Q3,Retail Trade,46481300
1997Q4,Retail Trade,48325900
1998Q1,Retail Trade,43740900
1998Q2,Retail Trade,48508100
1998Q3,Retail Trade,48410300
1998Q4,Retail Trade,48779200
1999Q1,Retail Trade,48972100
1999Q2,Retail Trade,47698100
1999Q3,Retail Trade,48172700
1999Q4,Retail Trade,48788900
2000Q1,Retail Trade,49167100
2000Q2,Retail Trade,48415700
2000Q3,Retail Trade,49954600
2000Q4,Retail Trade,51929200
2001Q1,Retail Trade,52168900
2001Q2,Retail Trade,52879700
2001Q3,Retail Trade,53649300
2001Q4,Retail Trade,56815800
2002Q1,Retail Trade,57387100
2002Q2,Retail Trade,57833800
2002Q3,Retail Trade,60015500
2002Q4,Retail Trade,62575000
2003Q1,Retail Trade,63189500
2003Q2,Retail Trade,63293800
2003Q3,Retail Trade,63610200
2003Q4,Retail Trade,66838100
2004Q1,Retail Trade,65662400
2004Q2,Retail Trade,63695200
2004Q3,Retail Trade,68250200
2004Q4,Retail Trade,72938100
2005Q1,Retail Trade,72599200
2005Q2,Retail Trade,70754000
2005Q3,Retail Trade,73751800
2005Q4,Retail Trade,76523500
2006Q1,Retail Trade,77924900
2006Q2,Retail Trade,74445200
2006Q3,Retail Trade,75810600
2006Q4,Retail Trade,77667600
2007Q1,Retail Trade,78781300
2007Q2,Retail Trade,78281900
2007Q3,Retail Trade,74958400
2007Q4,Retail Trade,79755000
2008Q1,Retail Trade,78620200
2008Q2,Retail Trade,79053300
2008Q3,Retail Trade,80594100
2008Q4,Retail Trade,80929200
2009Q1,Retail Trade,83065500
2009Q2,Retail Trade,78706000
2009Q3,Retail Trade,76615500
2009Q4,Retail Trade,83782400
2010Q1,Retail Trade,82179700
2010Q2,Retail Trade,84021400
2010Q3,Retail Trade,84434700
2010Q4,Retail Trade,87477500
2011Q1,Retail Trade,87814300
2011Q2,Retail Trade,87127400
2011Q3,Retail Trade,88781900
2011Q4,Retail Trade,92707400
2012Q1,Retail Trade,93354300
2012Q2,Retail Trade,94393600
2012Q3,Retail Trade,91141000
2012Q4,Retail Trade,93320600
2013Q1,Retail Trade,93376600
2013Q2,Retail Trade,98415100
2013Q3,Retail Trade,93176200
2013Q4,Retail Trade,97202500
2014Q1,Retail Trade,99299400
2014Q2,Retail Trade,97493500
2014Q3,Retail Trade,98815200
2014Q4,Retail Trade,105859400
2015Q1,Retail Trade,105137100
2015Q2,Retail Trade,103592600
2015Q3,Retail Trade,100699000
2015Q4,Retail Trade,106055400
2016Q1,Retail Trade,108874900
2016Q2,Retail Trade,110234100
2016Q3,Retail Trade,108971200
2016Q4,Retail Trade,113741100
2017Q1,Retail Trade,120149700
2017Q2,Retail Trade,117008300
2017Q3,Retail Trade,119733900
2017Q4,Retail Trade,124795500
2018Q1,Retail Trade,126134600
2018Q2,Retail Trade,127994800
2018Q3,Retail Trade,128391200
2018Q4,Retail Trade,136380800
1989Q1,Accommodation and Food Services,14269600
1989Q2,Accommodation and Food Services,13800100
1989Q3,Accommodation and Food Services,13470500
1989Q4,Accommodation and Food Services,13327800
1990Q1,Accommodation and Food Services,14083600
1990Q2,Accommodation and Food Services,13077500
1990Q3,Accommodation and Food Services,13327000
1990Q4,Accommodation and Food Services,13667600
1991Q1,Accommodation and Food Services,15153800
1991Q2,Accommodation and Food Services,13303500
1991Q3,Accommodation and Food Services,13126300
1991Q4,Accommodation and Food Services,13752400
1992Q1,Accommodation and Food Services,15486100
1992Q2,Accommodation and Food Services,14156800
1992Q3,Accommodation and Food Services,13975200
1992Q4,Accommodation and Food Services,14847000
1993Q1,Accommodation and Food Services,15894400
1993Q2,Accommodation and Food Services,14946200
1993Q3,Accommodation and Food Services,14832900
1993Q4,Accommodation and Food Services,15764000
1994Q1,Accommodation and Food Services,17452300
1994Q2,Accommodation and Food Services,16185000
1994Q3,Accommodation and Food Services,16227900
1994Q4,Accommodation and Food Services,17195000
1995Q1,Accommodation and Food Services,18943700
1995Q2,Accommodation and Food Services,17677700
1995Q3,Accommodation and Food Services,18308900
1995Q4,Accommodation and Food Services,19386200
1996Q1,Accommodation and Food Services,20787200
1996Q2,Accommodation and Food Services,19296300
1996Q3,Accommodation and Food Services,20051800
1996Q4,Accommodation and Food Services,23187100
1997Q1,Accommodation and Food Services,21737500
1997Q2,Accommodation and Food Services,21130300
1997Q3,Accommodation and Food Services,21991200
1997Q4,Accommodation and Food Services,22487700
1998Q1,Accommodation and Food Services,23368700
1998Q2,Accommodation and Food Services,21855700
1998Q3,Accommodation and Food Services,22467900
1998Q4,Accommodation and Food Services,23925400
1999Q1,Accommodation and Food Services,23980600
1999Q2,Accommodation and Food Services,22748500
1999Q3,Accommodation and Food Services,23163100
1999Q4,Accommodation and Food Services,25385000
2000Q1,Accommodation and Food Services,26231400
2000Q2,Accommodation and Food Services,25121500
2000Q3,Accommodation and Food Services,25834200
2000Q4,Accommodation and Food Services,28147800
2001Q1,Accommodation and Food Services,28004700
2001Q2,Accommodation and Food Services,27098900
2001Q3,Accommodation and Food Services,27181300
2001Q4,Accommodation and Food Services,29510100
2002Q1,Accommodation and Food Services,30140800
2002Q2,Accommodation and Food Services,29539700
2002Q3,Accommodation and Food Services,29761700
2002Q4,Accommodation and Food Services,31846500
2003Q1,Accommodation and Food Services,33331300
2003Q2,Accommodation and Food Services,31095800
2003Q3,Accommodation and Food Services,29882700
2003Q4,Accommodation and Food Services,32330700
2004Q1,Accommodation and Food Services,33918600
2004Q2,Accommodation and Food Services,29089000
2004Q3,Accommodation and Food Services,29887600
2004Q4,Accommodation and Food Services,32231900
2005Q1,Accommodation and Food Services,34692400
2005Q2,Accommodation and Food Services,33262200
2005Q3,Accommodation and Food Services,34163800
2005Q4,Accommodation and Food Services,35362500
2006Q1,Accommodation and Food Services,37567300
2006Q2,Accommodation and Food Services,34846300
2006Q3,Accommodation and Food Services,34947000
2006Q4,Accommodation and Food Services,38348100
2007Q1,Accommodation and Food Services,38857500
2007Q2,Accommodation and Food Services,38223000
2007Q3,Accommodation and Food Services,39115700
2007Q4,Accommodation and Food Services,42128500
2008Q1,Accommodation and Food Services,41928700
2008Q2,Accommodation and Food Services,41216100
2008Q3,Accommodation and Food Services,41896200
2008Q4,Accommodation and Food Services,43346500
2009Q1,Accommodation and Food Services,42151500
2009Q2,Accommodation and Food Services,39431800
2009Q3,Accommodation and Food Services,39993100
2009Q4,Accommodation and Food Services,43581900
2010Q1,Accommodation and Food Services,46614200
2010Q2,Accommodation and Food Services,41885000
2010Q3,Accommodation and Food Services,40481000
2010Q4,Accommodation and Food Services,42899500
2011Q1,Accommodation and Food Services,46143900
2011Q2,Accommodation and Food Services,39490700
2011Q3,Accommodation and Food Services,39853100
2011Q4,Accommodation and Food Services,44467700
2012Q1,Accommodation and Food Services,44407800
2012Q2,Accommodation and Food Services,42151500
2012Q3,Accommodation and Food Services,44812500
2012Q4,Accommodation and Food Services,46745500
2013Q1,Accommodation and Food Services,46172800
2013Q2,Accommodation and Food Services,42921000
2013Q3,Accommodation and Food Services,44072100
2013Q4,Accommodation and Food Services,46348000
2014Q1,Accommodation and Food Services,49573300
2014Q2,Accommodation and Food Services,50043400
2014Q3,Accommodation and Food Services,50228100
2014Q4,Accommodation and Food Services,54896500
2015Q1,Accommodation and Food Services,56873700
2015Q2,Accommodation and Food Services,53015100
2015Q3,Accommodation and Food Services,54865600
2015Q4,Accommodation and Food Services,58757800
2016Q1,Accommodation and Food Services,63645700
2016Q2,Accommodation and Food Services,62776300
2016Q3,Accommodation and Food Services,64088800
2016Q4,Accommodation and Food Services,67476500
2017Q1,Accommodation and Food Services,70160800
2017Q2,Accommodation and Food Services,71070700
2017Q3,Accommodation and Food Services,68721100
2017Q4,Accommodation and Food Services,69148600
2018Q1,Accommodation and Food Services,73901400
2018Q2,Accommodation and Food Services,67046700
2018Q3,Accommodation and Food Services,70588200
2018Q4,Accommodation and Food Services,71428700
1989Q1,"Transport, Postal and Warehousing",34626100
1989Q2,"Transport, Postal and Warehousing",33940200
1989Q3,"Transport, Postal and Warehousing",33922900
1989Q4,"Transport, Postal and Warehousing",33822800
1990Q1,"Transport, Postal and Warehousing",34433300
1990Q2,"Transport, Postal and Warehousing",34630500
1990Q3,"Transport, Postal and Warehousing",35483500
1990Q4,"Transport, Postal and Warehousing",36044100
1991Q1,"Transport, Postal and Warehousing",36062600
1991Q2,"Transport, Postal and Warehousing",35818700
1991Q3,"Transport, Postal and Warehousing",34442900
1991Q4,"Transport, Postal and Warehousing",34704100
1992Q1,"Transport, Postal and Warehousing",33820900
1992Q2,"Transport, Postal and Warehousing",34027000
1992Q3,"Transport, Postal and Warehousing",32285700
1992Q4,"Transport, Postal and Warehousing",32499100
1993Q1,"Transport, Postal and Warehousing",32469300
1993Q2,"Transport, Postal and Warehousing",31724400
1993Q3,"Transport, Postal and Warehousing",30821200
1993Q4,"Transport, Postal and Warehousing",32400500
1994Q1,"Transport, Postal and Warehousing",32958000
1994Q2,"Transport, Postal and Warehousing",33216000
1994Q3,"Transport, Postal and Warehousing",32556600
1994Q4,"Transport, Postal and Warehousing",33438000
1995Q1,"Transport, Postal and Warehousing",34885000
1995Q2,"Transport, Postal and Warehousing",34701400
1995Q3,"Transport, Postal and Warehousing",34116500
1995Q4,"Transport, Postal and Warehousing",34969600
1996Q1,"Transport, Postal and Warehousing",36092500
1996Q2,"Transport, Postal and Warehousing",36527900
1996Q3,"Transport, Postal and Warehousing",37400700
1996Q4,"Transport, Postal and Warehousing",39576800
1997Q1,"Transport, Postal and Warehousing",39298300
1997Q2,"Transport, Postal and Warehousing",40281600
1997Q3,"Transport, Postal and Warehousing",39853600
1997Q4,"Transport, Postal and Warehousing",41171700
1998Q1,"Transport, Postal and Warehousing",39464800
1998Q2,"Transport, Postal and Warehousing",39392200
1998Q3,"Transport, Postal and Warehousing",40086400
1998Q4,"Transport, Postal and Warehousing",39385900
1999Q1,"Transport, Postal and Warehousing",39953200
1999Q2,"Transport, Postal and Warehousing",39137400
1999Q3,"Transport, Postal and Warehousing",39670400
1999Q4,"Transport, Postal and Warehousing",40999100
2000Q1,"Transport, Postal and Warehousing",40376400
2000Q2,"Transport, Postal and Warehousing",41044400
2000Q3,"Transport, Postal and Warehousing",40205900
2000Q4,"Transport, Postal and Warehousing",42386000
2001Q1,"Transport, Postal and Warehousing",41956900
2001Q2,"Transport, Postal and Warehousing",44778800
2001Q3,"Transport, Postal and Warehousing",43746000
2001Q4,"Transport, Postal and Warehousing",45158900
2002Q1,"Transport, Postal and Warehousing",46002600
2002Q2,"Transport, Postal and Warehousing",46070500
2002Q3,"Transport, Postal and Warehousing",46287800
2002Q4,"Transport, Postal and Warehousing",46035100
2003Q1,"Transport, Postal and Warehousing",45448900
2003Q2,"Transport, Postal and Warehousing",47711300
2003Q3,"Transport, Postal and Warehousing",46369700
2003Q4,"Transport, Postal and Warehousing",48654000
2004Q1,"Transport, Postal and Warehousing",46452100
2004Q2,"Transport, Postal and Warehousing",47444300
2004Q3,"Transport, Postal and Warehousing",46415900
2004Q4,"Transport, Postal and Warehousing",48657300
2005Q1,"Transport, Postal and Warehousing",48036500
2005Q2,"Transport, Postal and Warehousing",46393600
2005Q3,"Transport, Postal and Warehousing",49811300
2005Q4,"Transport, Postal and Warehousing",53138000
2006Q1,"Transport, Postal and Warehousing",56336300
2006Q2,"Transport, Postal and Warehousing",56370600
2006Q3,"Transport, Postal and Warehousing",57334200
2006Q4,"Transport, Postal and Warehousing",54911000
2007Q1,"Transport, Postal and Warehousing",54947000
2007Q2,"Transport, Postal and Warehousing",55869400
2007Q3,"Transport, Postal and Warehousing",53727400
2007Q4,"Transport, Postal and Warehousing",55626400
2008Q1,"Transport, Postal and Warehousing",57299200
2008Q2,"Transport, Postal and Warehousing",59115300
2008Q3,"Transport, Postal and Warehousing",58085700
2008Q4,"Transport, Postal and Warehousing",59279100
2009Q1,"Transport, Postal and Warehousing",56893300
2009Q2,"Transport, Postal and Warehousing",57333800
2009Q3,"Transport, Postal and Warehousing",58568300
2009Q4,"Transport, Postal and Warehousing",59849100
2010Q1,"Transport, Postal and Warehousing",62883100
2010Q2,"Transport, Postal and Warehousing",62188400
2010Q3,"Transport, Postal and Warehousing",64582800
2010Q4,"Transport, Postal and Warehousing",65276600
2011Q1,"Transport, Postal and Warehousing",68503300
2011Q2,"Transport, Postal and Warehousing",66183000
2011Q3,"Transport, Postal and Warehousing",68483000
2011Q4,"Transport, Postal and Warehousing",72135400
2012Q1,"Transport, Postal and Warehousing",74100200
2012Q2,"Transport, Postal and Warehousing",72858400
2012Q3,"Transport, Postal and Warehousing",70833100
2012Q4,"Transport, Postal and Warehousing",74625600
2013Q1,"Transport, Postal and Warehousing",73542400
2013Q2,"Transport, Postal and Warehousing",72155300
2013Q3,"Transport, Postal and Warehousing",74376200
2013Q4,"Transport, Postal and Warehousing",74760800
2014Q1,"Transport, Postal and Warehousing",77372000
2014Q2,"Transport, Postal and Warehousing",79502900
2014Q3,"Transport, Postal and Warehousing",78031500
2014Q4,"Transport, Postal and Warehousing",83168300
2015Q1,"Transport, Postal and Warehousing",86386100
2015Q2,"Transport, Postal and Warehousing",84139700
2015Q3,"Transport, Postal and Warehousing",84571700
2015Q4,"Transport, Postal and Warehousing",86650400
2016Q1,"Transport, Postal and Warehousing",82914000
2016Q2,"Transport, Postal and Warehousing",84809200
2016Q3,"Transport, Postal and Warehousing",87328600
2016Q4,"Transport, Postal and Warehousing",83753800
2017Q1,"Transport, Postal and Warehousing",84536600
2017Q2,"Transport, Postal and Warehousing",83237000
2017Q3,"Transport, Postal and Warehousing",84612100
2017Q4,"Transport, Postal and Warehousing",88812900
2018Q1,"Transport, Postal and Warehousing",88214600
2018Q2,"Transport, Postal and Warehousing",87096600
2018Q3,"Transport, Postal and Warehousing",88235200
2018Q4,"Transport, Postal and Warehousing",89441800
1989Q1,Information Media and Telecommunications,13900800
1989Q2,Information Media and Telecommunications,13609100
1989Q3,Information Media and Telecommunications,13415000
1989Q4,Information Media and Telecommunications,13317300
1990Q1,Information Media and Telecommunications,14043700
1990Q2,Information Media and Telecommunications,13716400
1990Q3,Information Media and Telecommunications,13803400
1990Q4,Information Media and Telecommunications,13875200
1991Q1,Information Media and Telecommunications,14567800
1991Q2,Information Media and Telecommunications,14269700
1991Q3,Information Media and Telecommunications,13775500
1991Q4,Information Media and Telecommunications,13900300
1992Q1,Information Media and Telecommunications,14279500
1992Q2,Information Media and Telecommunications,14167000
1992Q3,Information Media and Telecommunications,13637900
1992Q4,Information Media and Telecommunications,13926700
1993Q1,Information Media and Telecommunications,14424300
1993Q2,Information Media and Telecommunications,14039700
1993Q3,Information Media and Telecommunications,13942500
1993Q4,Information Media and Telecommunications,14255800
1994Q1,Information Media and Telecommunications,15038200
1994Q2,Information Media and Telecommunications,15272300
1994Q3,Information Media and Telecommunications,15183000
1994Q4,Information Media and Telecommunications,15626900
1995Q1,Information Media and Telecommunications,16312600
1995Q2,Information Media and Telecommunications,16198000
1995Q3,Information Media and Telecommunications,16260300
1995Q4,Information Media and Telecommunications,16667700
1996Q1,Information Media and Telecommunications,17645400
1996Q2,Information Media and Telecommunications,17425000
1996Q3,Information Media and Telecommunications,18057800
1996Q4,Information Media and Telecommunications,18411300
1997Q1,Information Media and Telecommunications,18530100
1997Q2,Information Media and Telecommunications,18697600
1997Q3,Information Media and Telecommunications,18578800
1997Q4,Information Media and Telecommunications,18983200
1998Q1,Information Media and Telecommunications,18701900
1998Q2,Information Media and Telecommunications,18817400
1998Q3,Information Media and Telecommunications,18847500
1998Q4,Information Media and Telecommunications,19009300
1999Q1,Information Media and Telecommunications,19709500
1999Q2,Information Media and Telecommunications,19196700
1999Q3,Information Media and Telecommunications,19308800
1999Q4,Information Media and Telecommunications,20254300
2000Q1,Information Media and Telecommunications,20144200
2000Q2,Information Media and Telecommunications,20191600
2000Q3,Information Media and Telecommunications,20137200
2000Q4,Information Media and Telecommunications,20831900
2001Q1,Information Media and Telecommunications,21398800
2001Q2,Information Media and Telecommunications,22037400
2001Q3,Information Media and Telecommunications,21640400
2001Q4,Information Media and Telecommunications,22442900
2002Q1,Information Media and Telecommunications,22997800
2002Q2,Information Media and Telecommunications,22931600
2002Q3,Information Media and Telecommunications,23560200
2002Q4,Information Media and Telecommunications,23939900
2003Q1,Information Media and Telecommunications,24100200
2003Q2,Information Media and Telecommunications,24255500
2003Q3,Information Media and Telecommunications,23906600
2003Q4,Information Media and Telecommunications,25113000
2004Q1,Information Media and Telecommunications,25777800
2004Q2,Information Media and Telecommunications,26402000
2004Q3,Information Media and Telecommunications,26181000
2004Q4,Information Media and Telecommunications,27022900
2005Q1,Information Media and Telecommunications,27790200
2005Q2,Information Media and Telecommunications,27123500
2005Q3,Information Media and Telecommunications,28624000
2005Q4,Information Media and Telecommunications,29770800
2006Q1,Information Media and Telecommunications,31581100
2006Q2,Information Media and Telecommunications,32092900
2006Q3,Information Media and Telecommunications,32272100
2006Q4,Information Media and Telecommunications,32864900
2007Q1,Information Media and Telecommunications,33344700
2007Q2,Information Media and Telecommunications,33308600
2007Q3,Information Media and Telecommunications,33446700
2007Q4,Information Media and Telecommunications,34626300
2008Q1,Information Media and Telecommunications,36682900
2008Q2,Information Media and Telecommunications,37130700
2008Q3,Information Media and Telecommunications,36861000
2008Q4,Information Media and Telecommunications,37592400
2009Q1,Information Media and Telecommunications,37883200
2009Q2,Information Media and Telecommunications,37338100
2009Q3,Information Media and Telecommunications,34159900
2009Q4,Information Media and Telecommunications,35084600
2010Q1,Information Media and Telecommunications,35415800
2010Q2,Information Media and Telecommunications,34943600
2010Q3,Information Media and Telecommunications,35860500
2010Q4,Information Media and Telecommunications,36680200
2011Q1,Information Media and Telecommunications,35826200
2011Q2,Information Media and Telecommunications,35769400
2011Q3,Information Media and Telecommunications,36015700
2011Q4,Information Media and Telecommunications,35596400
2012Q1,Information Media and Telecommunications,35189200
2012Q2,Information Media and Telecommunications,35727000
2012Q3,Information Media and Telecommunications,36505400
2012Q4,Information Media and Telecommunications,34981500
2013Q1,Information Media and Telecommunications,35071600
2013Q2,Information Media and Telecommunications,34613200
2013Q3,Information Media and Telecommunications,37389500
2013Q4,Information Media and Telecommunications,38726100
2014Q1,Information Media and Telecommunications,43742300
2014Q2,Information Media and Telecommunications,40359900
2014Q3,Information Media and Telecommunications,41485300
2014Q4,Information Media and Telecommunications,43231800
2015Q1,Information Media and Telecommunications,40092000
2015Q2,Information Media and Telecommunications,39784600
2015Q3,Information Media and Telecommunications,40440800
2015Q4,Information Media and Telecommunications,42527100
2016Q1,Information Media and Telecommunications,44123600
2016Q2,Information Media and Telecommunications,45343100
2016Q3,Information Media and Telecommunications,40005100
2016Q4,Information Media and Telecommunications,40927300
2017Q1,Information Media and Telecommunications,40596400
2017Q2,Information Media and Telecommunications,42482000
2017Q3,Information Media and Telecommunications,42015300
2017Q4,Information Media and Telecommunications,42397800
2018Q1,Information Media and Telecommunications,44126200
2018Q2,Information Media and Telecommunications,42842700
2018Q3,Information Media and Telecommunications,42103600
2018Q4,Information Media and Telecommunications,41778400
1989Q1,Financial and Insurance Services,25892200
1989Q2,Financial and Insurance Services,25668400
1989Q3,Financial and Insurance Services,25799300
1989Q4,Financial and Insurance Services,26327600
1990Q1,Financial and Insurance Services,27355200
1990Q2,Financial and Insurance Services,26947600
1990Q3,Financial and Insurance Services,27816700
1990Q4,Financial and Insurance Services,28296300
1991Q1,Financial and Insurance Services,28355300
1991Q2,Financial and Insurance Services,27367200
1991Q3,Financial and Insurance Services,27743500
1991Q4,Financial and Insurance Services,27861500
1992Q1,Financial and Insurance Services,29856200
1992Q2,Financial and Insurance Services,29443300
1992Q3,Financial and Insurance Services,29256600
1992Q4,Financial and Insurance Services,28156800
1993Q1,Financial and Insurance Services,28585300
1993Q2,Financial and Insurance Services,28502700
1993Q3,Financial and Insurance Services,28183300
1993Q4,Financial and Insurance Services,28334900
1994Q1,Financial and Insurance Services,28886400
1994Q2,Financial and Insurance Services,29816100
1994Q3,Financial and Insurance Services,29785300
1994Q4,Financial and Insurance Services,31353400
1995Q1,Financial and Insurance Services,30990800
1995Q2,Financial and Insurance Services,32184500
1995Q3,Financial and Insurance Services,33698300
1995Q4,Financial and Insurance Services,34491100
1996Q1,Financial and Insurance Services,33925600
1996Q2,Financial and Insurance Services,36196900
1996Q3,Financial and Insurance Services,36378100
1996Q4,Financial and Insurance Services,35293500
1997Q1,Financial and Insurance Services,33873300
1997Q2,Financial and Insurance Services,36010400
1997Q3,Financial and Insurance Services,37421800
1997Q4,Financial and Insurance Services,35107400
1998Q1,Financial and Insurance Services,34365600
1998Q2,Financial and Insurance Services,34224100
1998Q3,Financial and Insurance Services,34804100
1998Q4,Financial and Insurance Services,34122400
1999Q1,Financial and Insurance Services,33321300
1999Q2,Financial and Insurance Services,33705000
1999Q3,Financial and Insurance Services,33082900
1999Q4,Financial and Insurance Services,33089200
2000Q1,Financial and Insurance Services,35719700
2000Q2,Financial and Insurance Services,35089800
2000Q3,Financial and Insurance Services,36140500
2000Q4,Financial and Insurance Services,36473700
2001Q1,Financial and Insurance Services,36052700
2001Q2,Financial and Insurance Services,37399500
2001Q3,Financial and Insurance Services,37064100
2001Q4,Financial and Insurance Services,37942800
2002Q1,Financial and Insurance Services,37502100
2002Q2,Financial and Insurance Services,37991300
2002Q3,Financial and Insurance Services,38890000
2002Q4,Financial and Insurance Services,40262700
2003Q1,Financial and Insurance Services,40756000
2003Q2,Financial and Insurance Services,42202700
2003Q3,Financial and Insurance Services,43179300
2003Q4,Financial and Insurance Services,40842300
2004Q1,Financial and Insurance Services,43685900
2004Q2,Financial and Insurance Services,47739800
2004Q3,Financial and Insurance Services,44080900
2004Q4,Financial and Insurance Services,44060000
2005Q1,Financial and Insurance Services,45282100
2005Q2,Financial and Insurance Services,45425000
2005Q3,Financial and Insurance Services,45244100
2005Q4,Financial and Insurance Services,45103300
2006Q1,Financial and Insurance Services,50254200
2006Q2,Financial and Insurance Services,53691300
2006Q3,Financial and Insurance Services,53960500
2006Q4,Financial and Insurance Services,55046800
2007Q1,Financial and Insurance Services,55230600
2007Q2,Financial and Insurance Services,54870600
2007Q3,Financial and Insurance Services,53927000
2007Q4,Financial and Insurance Services,56869800
2008Q1,Financial and Insurance Services,55118600
2008Q2,Financial and Insurance Services,57027600
2008Q3,Financial and Insurance Services,57248000
2008Q4,Financial and Insurance Services,58339700
2009Q1,Financial and Insurance Services,58453000
2009Q2,Financial and Insurance Services,55971300
2009Q3,Financial and Insurance Services,57910500
2009Q4,Financial and Insurance Services,56235500
2010Q1,Financial and Insurance Services,55903500
2010Q2,Financial and Insurance Services,55540400
2010Q3,Financial and Insurance Services,56317900
2010Q4,Financial and Insurance Services,57830800
2011Q1,Financial and Insurance Services,60079400
2011Q2,Financial and Insurance Services,61029600
2011Q3,Financial and Insurance Services,61561000
2011Q4,Financial and Insurance Services,63425900
2012Q1,Financial and Insurance Services,63309400
2012Q2,Financial and Insurance Services,64799900
2012Q3,Financial and Insurance Services,68569100
2012Q4,Financial and Insurance Services,65994900
2013Q1,Financial and Insurance Services,66271800
2013Q2,Financial and Insurance Services,68471200
2013Q3,Financial and Insurance Services,68694400
2013Q4,Financial and Insurance Services,71677200
2014Q1,Financial and Insurance Services,75005400
2014Q2,Financial and Insurance Services,76449500
2014Q3,Financial and Insurance Services,78573800
2014Q4,Financial and Insurance Services,81986500
2015Q1,Financial and Insurance Services,84827600
2015Q2,Financial and Insurance Services,85900700
2015Q3,Financial and Insurance Services,82518200
2015Q4,Financial and Insurance Services,83405200
2016Q1,Financial and Insurance Services,81491600
2016Q2,Financial and Insurance Services,85010500
2016Q3,Financial and Insurance Services,82930800
2016Q4,Financial and Insurance Services,82757300
2017Q1,Financial and Insurance Services,83213300
2017Q2,Financial and Insurance Services,82227400
2017Q3,Financial and Insurance Services,80597900
2017Q4,Financial and Insurance Services,79327400
2018Q1,Financial and Insurance Services,85188300
2018Q2,Financial and Insurance Services,86377500
2018Q3,Financial and Insurance Services,81885000
2018Q4,Financial and Insurance Services,83262800
1989Q1,"Rental, Hiring and Real Estate Services",4721200
1989Q2,"Rental, Hiring and Real Estate Services",4863300
1989Q3,"Rental, Hiring and Real Estate Services",4964400
1989Q4,"Rental, Hiring and Real Estate Services",5033200
1990Q1,"Rental, Hiring and Real Estate Services",5100900
1990Q2,"Rental, Hiring and Real Estate Services",4844600
1990Q3,"Rental, Hiring and Real Estate Services",5136200
1990Q4,"Rental, Hiring and Real Estate Services",5027700
1991Q1,"Rental, Hiring and Real Estate Services",5188600
1991Q2,"Rental, Hiring and Real Estate Services",5165300
1991Q3,"Rental, Hiring and Real Estate Services",4943900
1991Q4,"Rental, Hiring and Real Estate Services",4944400
1992Q1,"Rental, Hiring and Real Estate Services",5198500
1992Q2,"Rental, Hiring and Real Estate Services",5225200
1992Q3,"Rental, Hiring and Real Estate Services",5178300
1992Q4,"Rental, Hiring and Real Estate Services",5316900
1993Q1,"Rental, Hiring and Real Estate Services",5183700
1993Q2,"Rental, Hiring and Real Estate Services",5254900
1993Q3,"Rental, Hiring and Real Estate Services",5226500
1993Q4,"Rental, Hiring and Real Estate Services",5360400
1994Q1,"Rental, Hiring and Real Estate Services",5860100
1994Q2,"Rental, Hiring and Real Estate Services",5969200
1994Q3,"Rental, Hiring and Real Estate Services",6011300
1994Q4,"Rental, Hiring and Real Estate Services",6241900
1995Q1,"Rental, Hiring and Real Estate Services",6601800
1995Q2,"Rental, Hiring and Real Estate Services",6434200
1995Q3,"Rental, Hiring and Real Estate Services",6816300
1995Q4,"Rental, Hiring and Real Estate Services",6969300
1996Q1,"Rental, Hiring and Real Estate Services",7196000
1996Q2,"Rental, Hiring and Real Estate Services",7444200
1996Q3,"Rental, Hiring and Real Estate Services",7787500
1996Q4,"Rental, Hiring and Real Estate Services",8065400
1997Q1,"Rental, Hiring and Real Estate Services",7858800
1997Q2,"Rental, Hiring and Real Estate Services",8362500
1997Q3,"Rental, Hiring and Real Estate Services",8730400
1997Q4,"Rental, Hiring and Real Estate Services",8954600
1998Q1,"Rental, Hiring and Real Estate Services",8771000
1998Q2,"Rental, Hiring and Real Estate Services",9397700
1998Q3,"Rental, Hiring and Real Estate Services",9383800
1998Q4,"Rental, Hiring and Real Estate Services",9930200
1999Q1,"Rental, Hiring and Real Estate Services",9662400
1999Q2,"Rental, Hiring and Real Estate Services",9919000
1999Q3,"Rental, Hiring and Real Estate Services",10103300
1999Q4,"Rental, Hiring and Real Estate Services",9985900
2000Q1,"Rental, Hiring and Real Estate Services",10195000
2000Q2,"Rental, Hiring and Real Estate Services",10507900
2000Q3,"Rental, Hiring and Real Estate Services",10829200
2000Q4,"Rental, Hiring and Real Estate Services",10965700
2001Q1,"Rental, Hiring and Real Estate Services",11238600
2001Q2,"Rental, Hiring and Real Estate Services",11417400
2001Q3,"Rental, Hiring and Real Estate Services",11540400
2001Q4,"Rental, Hiring and Real Estate Services",11790500
2002Q1,"Rental, Hiring and Real Estate Services",12231100
2002Q2,"Rental, Hiring and Real Estate Services",12079100
2002Q3,"Rental, Hiring and Real Estate Services",12338200
2002Q4,"Rental, Hiring and Real Estate Services",12702400
2003Q1,"Rental, Hiring and Real Estate Services",12892000
2003Q2,"Rental, Hiring and Real Estate Services",13233900
2003Q3,"Rental, Hiring and Real Estate Services",13671900
2003Q4,"Rental, Hiring and Real Estate Services",13668000
2004Q1,"Rental, Hiring and Real Estate Services",14041800
2004Q2,"Rental, Hiring and Real Estate Services",13805000
2004Q3,"Rental, Hiring and Real Estate Services",13615400
2004Q4,"Rental, Hiring and Real Estate Services",14090600
2005Q1,"Rental, Hiring and Real Estate Services",14522600
2005Q2,"Rental, Hiring and Real Estate Services",14682400
2005Q3,"Rental, Hiring and Real Estate Services",14689200
2005Q4,"Rental, Hiring and Real Estate Services",14338100
2006Q1,"Rental, Hiring and Real Estate Services",14803100
2006Q2,"Rental, Hiring and Real Estate Services",15254100
2006Q3,"Rental, Hiring and Real Estate Services",15860900
2006Q4,"Rental, Hiring and Real Estate Services",16389800
2007Q1,"Rental, Hiring and Real Estate Services",15892900
2007Q2,"Rental, Hiring and Real Estate Services",16151800
2007Q3,"Rental, Hiring and Real Estate Services",16477500
2007Q4,"Rental, Hiring and Real Estate Services",16766800
2008Q1,"Rental, Hiring and Real Estate Services",16588000
2008Q2,"Rental, Hiring and Real Estate Services",16162100
2008Q3,"Rental, Hiring and Real Estate Services",16475100
2008Q4,"Rental, Hiring and Real Estate Services",16977300
2009Q1,"Rental, Hiring and Real Estate Services",17255800
2009Q2,"Rental, Hiring and Real Estate Services",17372100
2009Q3,"Rental, Hiring and Real Estate Services",17077700
2009Q4,"Rental, Hiring and Real Estate Services",18289300
2010Q1,"Rental, Hiring and Real Estate Services",18837400
2010Q2,"Rental, Hiring and Real Estate Services",18742000
2010Q3,"Rental, Hiring and Real Estate Services",19143600
2010Q4,"Rental, Hiring and Real Estate Services",19879300
2011Q1,"Rental, Hiring and Real Estate Services",19282400
2011Q2,"Rental, Hiring and Real Estate Services",18837000
2011Q3,"Rental, Hiring and Real Estate Services",21356300
2011Q4,"Rental, Hiring and Real Estate Services",23870700
2012Q1,"Rental, Hiring and Real Estate Services",23161300
2012Q2,"Rental, Hiring and Real Estate Services",23609200
2012Q3,"Rental, Hiring and Real Estate Services",24945000
2012Q4,"Rental, Hiring and Real Estate Services",25661900
2013Q1,"Rental, Hiring and Real Estate Services",23601200
2013Q2,"Rental, Hiring and Real Estate Services",24738400
2013Q3,"Rental, Hiring and Real Estate Services",25635700
2013Q4,"Rental, Hiring and Real Estate Services",27550300
2014Q1,"Rental, Hiring and Real Estate Services",27638700
2014Q2,"Rental, Hiring and Real Estate Services",26234600
2014Q3,"Rental, Hiring and Real Estate Services",25711800
2014Q4,"Rental, Hiring and Real Estate Services",27369900
2015Q1,"Rental, Hiring and Real Estate Services",27159200
2015Q2,"Rental, Hiring and Real Estate Services",26138900
2015Q3,"Rental, Hiring and Real Estate Services",28373300
2015Q4,"Rental, Hiring and Real Estate Services",28333900
2016Q1,"Rental, Hiring and Real Estate Services",29269100
2016Q2,"Rental, Hiring and Real Estate Services",28494400
2016Q3,"Rental, Hiring and Real Estate Services",28414500
2016Q4,"Rental, Hiring and Real Estate Services",30286000
2017Q1,"Rental, Hiring and Real Estate Services",29686400
2017Q2,"Rental, Hiring and Real Estate Services",30091400
2017Q3,"Rental, Hiring and Real Estate Services",27362000
2017Q4,"Rental, Hiring and Real Estate Services",28748100
2018Q1,"Rental, Hiring and Real Estate Services",29384100
2018Q2,"Rental, Hiring and Real Estate Services",28247900
2018Q3,"Rental, Hiring and Real Estate Services",28665300
2018Q4,"Rental, Hiring and Real Estate Services",28462300
1989Q1,"Professional, Scientific, Technical, Administrative and Support Services",38655300
1989Q2,"Professional, Scientific, Technical, Administrative and Support Services",39739000
1989Q3,"Professional, Scientific, Technical, Administrative and Support Services",40507000
1989Q4,"Professional, Scientific, Technical, Administrative and Support Services",40996900
1990Q1,"Professional, Scientific, Technical, Administrative and Support Services",41658200
1990Q2,"Professional, Scientific, Technical, Administrative and Support Services",39617300
1990Q3,"Professional, Scientific, Technical, Administrative and Support Services",41809500
1990Q4,"Professional, Scientific, Technical, Administrative and Support Services",41185800
1991Q1,"Professional, Scientific, Technical, Administrative and Support Services",42392300
1991Q2,"Professional, Scientific, Technical, Administrative and Support Services",42222300
1991Q3,"Professional, Scientific, Technical, Administrative and Support Services",40530900
1991Q4,"Professional, Scientific, Technical, Administrative and Support Services",40612100
1992Q1,"Professional, Scientific, Technical, Administrative and Support Services",42496400
1992Q2,"Professional, Scientific, Technical, Administrative and Support Services",42547000
1992Q3,"Professional, Scientific, Technical, Administrative and Support Services",42086900
1992Q4,"Professional, Scientific, Technical, Administrative and Support Services",43172000
1993Q1,"Professional, Scientific, Technical, Administrative and Support Services",42238400
1993Q2,"Professional, Scientific, Technical, Administrative and Support Services",42658800
1993Q3,"Professional, Scientific, Technical, Administrative and Support Services",42402800
1993Q4,"Professional, Scientific, Technical, Administrative and Support Services",43473200
1994Q1,"Professional, Scientific, Technical, Administrative and Support Services",47315800
1994Q2,"Professional, Scientific, Technical, Administrative and Support Services",48014700
1994Q3,"Professional, Scientific, Technical, Administrative and Support Services",48341500
1994Q4,"Professional, Scientific, Technical, Administrative and Support Services",50318000
1995Q1,"Professional, Scientific, Technical, Administrative and Support Services",52933100
1995Q2,"Professional, Scientific, Technical, Administrative and Support Services",51717100
1995Q3,"Professional, Scientific, Technical, Administrative and Support Services",54721500
1995Q4,"Professional, Scientific, Technical, Administrative and Support Services",56018800
1996Q1,"Professional, Scientific, Technical, Administrative and Support Services",57553000
1996Q2,"Professional, Scientific, Technical, Administrative and Support Services",59478700
1996Q3,"Professional, Scientific, Technical, Administrative and Support Services",62140600
1996Q4,"Professional, Scientific, Technical, Administrative and Support Services",64451300
1997Q1,"Professional, Scientific, Technical, Administrative and Support Services",62664100
1997Q2,"Professional, Scientific, Technical, Administrative and Support Services",66589100
1997Q3,"Professional, Scientific, Technical, Administrative and Support Services",69523600
1997Q4,"Professional, Scientific, Technical, Administrative and Support Services",71126300
1998Q1,"Professional, Scientific, Technical, Administrative and Support Services",69477100
1998Q2,"Professional, Scientific, Technical, Administrative and Support Services",74340100
1998Q3,"Professional, Scientific, Technical, Administrative and Support Services",74098600
1998Q4,"Professional, Scientific, Technical, Administrative and Support Services",78054700
1999Q1,"Professional, Scientific, Technical, Administrative and Support Services",76347400
1999Q2,"Professional, Scientific, Technical, Administrative and Support Services",78171500
1999Q3,"Professional, Scientific, Technical, Administrative and Support Services",79708300
1999Q4,"Professional, Scientific, Technical, Administrative and Support Services",78415300
2000Q1,"Professional, Scientific, Technical, Administrative and Support Services",79874100
2000Q2,"Professional, Scientific, Technical, Administrative and Support Services",82224700
2000Q3,"Professional, Scientific, Technical, Administrative and Support Services",84707800
2000Q4,"Professional, Scientific, Technical, Administrative and Support Services",85934200
2001Q1,"Professional, Scientific, Technical, Administrative and Support Services",88165300
2001Q2,"Professional, Scientific, Technical, Administrative and Support Services",89416500
2001Q3,"Professional, Scientific, Technical, Administrative and Support Services",90372300
2001Q4,"Professional, Scientific, Technical, Administrative and Support Services",92364700
2002Q1,"Professional, Scientific, Technical, Administrative and Support Services",95879600
2002Q2,"Professional, Scientific, Technical, Administrative and Support Services",94648000
2002Q3,"Professional, Scientific, Technical, Administrative and Support Services",96524000
2002Q4,"Professional, Scientific, Technical, Administrative and Support Services",99398200
2003Q1,"Professional, Scientific, Technical, Administrative and Support Services",101047800
2003Q2,"Professional, Scientific, Technical, Administrative and Support Services",103775800
2003Q3,"Professional, Scientific, Technical, Administrative and Support Services",107771600
2003Q4,"Professional, Scientific, Technical, Administrative and Support Services",108847300
2004Q1,"Professional, Scientific, Technical, Administrative and Support Services",113075000
2004Q2,"Professional, Scientific, Technical, Administrative and Support Services",111476800
2004Q3,"Professional, Scientific, Technical, Administrative and Support Services",111453800
2004Q4,"Professional, Scientific, Technical, Administrative and Support Services",116502400
2005Q1,"Professional, Scientific, Technical, Administrative and Support Services",121536000
2005Q2,"Professional, Scientific, Technical, Administrative and Support Services",124337300
2005Q3,"Professional, Scientific, Technical, Administrative and Support Services",125536300
2005Q4,"Professional, Scientific, Technical, Administrative and Support Services",123860800
2006Q1,"Professional, Scientific, Technical, Administrative and Support Services",130106500
2006Q2,"Professional, Scientific, Technical, Administrative and Support Services",134886700
2006Q3,"Professional, Scientific, Technical, Administrative and Support Services",141468100
2006Q4,"Professional, Scientific, Technical, Administrative and Support Services",147619500
2007Q1,"Professional, Scientific, Technical, Administrative and Support Services",144945400
2007Q2,"Professional, Scientific, Technical, Administrative and Support Services",148254800
2007Q3,"Professional, Scientific, Technical, Administrative and Support Services",152659900
2007Q4,"Professional, Scientific, Technical, Administrative and Support Services",156938100
2008Q1,"Professional, Scientific, Technical, Administrative and Support Services",157693300
2008Q2,"Professional, Scientific, Technical, Administrative and Support Services",155751200
2008Q3,"Professional, Scientific, Technical, Administrative and Support Services",161022300
2008Q4,"Professional, Scientific, Technical, Administrative and Support Services",167555400
2009Q1,"Professional, Scientific, Technical, Administrative and Support Services",171991600
2009Q2,"Professional, Scientific, Technical, Administrative and Support Services",175922500
2009Q3,"Professional, Scientific, Technical, Administrative and Support Services",176541700
2009Q4,"Professional, Scientific, Technical, Administrative and Support Services",178489500
2010Q1,"Professional, Scientific, Technical, Administrative and Support Services",177563400
2010Q2,"Professional, Scientific, Technical, Administrative and Support Services",186228600
2010Q3,"Professional, Scientific, Technical, Administrative and Support Services",185458900
2010Q4,"Professional, Scientific, Technical, Administrative and Support Services",183711300
2011Q1,"Professional, Scientific, Technical, Administrative and Support Services",188882800
2011Q2,"Professional, Scientific, Technical, Administrative and Support Services",200503400
2011Q3,"Professional, Scientific, Technical, Administrative and Support Services",197202500
2011Q4,"Professional, Scientific, Technical, Administrative and Support Services",202852100
2012Q1,"Professional, Scientific, Technical, Administrative and Support Services",211787200
2012Q2,"Professional, Scientific, Technical, Administrative and Support Services",213915500
2012Q3,"Professional, Scientific, Technical, Administrative and Support Services",209991900
2012Q4,"Professional, Scientific, Technical, Administrative and Support Services",212654000
2013Q1,"Professional, Scientific, Technical, Administrative and Support Services",221428200
2013Q2,"Professional, Scientific, Technical, Administrative and Support Services",227670100
2013Q3,"Professional, Scientific, Technical, Administrative and Support Services",227069000
2013Q4,"Professional, Scientific, Technical, Administrative and Support Services",222921200
2014Q1,"Professional, Scientific, Technical, Administrative and Support Services",221533800
2014Q2,"Professional, Scientific, Technical, Administrative and Support Services",237546000
2014Q3,"Professional, Scientific, Technical, Administrative and Support Services",226662600
2014Q4,"Professional, Scientific, Technical, Administrative and Support Services",229663300
2015Q1,"Professional, Scientific, Technical, Administrative and Support Services",238272700
2015Q2,"Professional, Scientific, Technical, Administrative and Support Services",247939600
2015Q3,"Professional, Scientific, Technical, Administrative and Support Services",241950600
2015Q4,"Professional, Scientific, Technical, Administrative and Support Services",247876600
2016Q1,"Professional, Scientific, Technical, Administrative and Support Services",257756700
2016Q2,"Professional, Scientific, Technical, Administrative and Support Services",260548600
2016Q3,"Professional, Scientific, Technical, Administrative and Support Services",266286400
2016Q4,"Professional, Scientific, Technical, Administrative and Support Services",270735700
2017Q1,"Professional, Scientific, Technical, Administrative and Support Services",275143400
2017Q2,"Professional, Scientific, Technical, Administrative and Support Services",287889300
2017Q3,"Professional, Scientific, Technical, Administrative and Support Services",288332100
2017Q4,"Professional, Scientific, Technical, Administrative and Support Services",299844500
2018Q1,"Professional, Scientific, Technical, Administrative and Support Services",301355300
2018Q2,"Professional, Scientific, Technical, Administrative and Support Services",308601400
2018Q3,"Professional, Scientific, Technical, Administrative and Support Services",305233100
2018Q4,"Professional, Scientific, Technical, Administrative and Support Services",314014500
1989Q1,Public Administration and Safety,37938800
1989Q2,Public Administration and Safety,39651400
1989Q3,Public Administration and Safety,39483000
1989Q4,Public Administration and Safety,41091400
1990Q1,Public Administration and Safety,40858500
1990Q2,Public Administration and Safety,42057900
1990Q3,Public Administration and Safety,42057000
1990Q4,Public Administration and Safety,43336400
1991Q1,Public Administration and Safety,43545800
1991Q2,Public Administration and Safety,43444100
1991Q3,Public Administration and Safety,42884900
1991Q4,Public Administration and Safety,42768100
1992Q1,Public Administration and Safety,43725900
1992Q2,Public Administration and Safety,43717100
1992Q3,Public Administration and Safety,42954000
1992Q4,Public Administration and Safety,43461500
1993Q1,Public Administration and Safety,43794500
1993Q2,Public Administration and Safety,43336500
1993Q3,Public Administration and Safety,42994700
1993Q4,Public Administration and Safety,43329100
1994Q1,Public Administration and Safety,44334300
1994Q2,Public Administration and Safety,44636000
1994Q3,Public Administration and Safety,44641200
1994Q4,Public Administration and Safety,44869700
1995Q1,Public Administration and Safety,45614900
1995Q2,Public Administration and Safety,45472900
1995Q3,Public Administration and Safety,45904800
1995Q4,Public Administration and Safety,46141100
1996Q1,Public Administration and Safety,46239600
1996Q2,Public Administration and Safety,45807900
1996Q3,Public Administration and Safety,46958800
1996Q4,Public Administration and Safety,46597100
1997Q1,Public Administration and Safety,45916100
1997Q2,Public Administration and Safety,45764300
1997Q3,Public Administration and Safety,45149800
1997Q4,Public Administration and Safety,46813400
1998Q1,Public Administration and Safety,46563400
1998Q2,Public Administration and Safety,47415100
1998Q3,Public Administration and Safety,47007600
1998Q4,Public Administration and Safety,47195600
1999Q1,Public Administration and Safety,48435900
1999Q2,Public Administration and Safety,48353600
1999Q3,Public Administration and Safety,49219400
1999Q4,Public Administration and Safety,50048700
2000Q1,Public Administration and Safety,47625100
2000Q2,Public Administration and Safety,48544400
2000Q3,Public Administration and Safety,50295800
2000Q4,Public Administration and Safety,52774000
2001Q1,Public Administration and Safety,52846700
2001Q2,Public Administration and Safety,52979000
2001Q3,Public Administration and Safety,53159500
2001Q4,Public Administration and Safety,53869700
2002Q1,Public Administration and Safety,54113100
2002Q2,Public Administration and Safety,55671300
2002Q3,Public Administration and Safety,57125200
2002Q4,Public Administration and Safety,57211900
2003Q1,Public Administration and Safety,57886900
2003Q2,Public Administration and Safety,57543000
2003Q3,Public Administration and Safety,59690700
2003Q4,Public Administration and Safety,64111100
2004Q1,Public Administration and Safety,64719200
2004Q2,Public Administration and Safety,65439200
2004Q3,Public Administration and Safety,66185300
2004Q4,Public Administration and Safety,68190800
2005Q1,Public Administration and Safety,70833700
2005Q2,Public Administration and Safety,71181800
2005Q3,Public Administration and Safety,71234800
2005Q4,Public Administration and Safety,74726000
2006Q1,Public Administration and Safety,76683400
2006Q2,Public Administration and Safety,76304500
2006Q3,Public Administration and Safety,77162400
2006Q4,Public Administration and Safety,81046700
2007Q1,Public Administration and Safety,82443000
2007Q2,Public Administration and Safety,84305500
2007Q3,Public Administration and Safety,84916700
2007Q4,Public Administration and Safety,88895000
2008Q1,Public Administration and Safety,89058400
2008Q2,Public Administration and Safety,90062500
2008Q3,Public Administration and Safety,90930200
2008Q4,Public Administration and Safety,92616800
2009Q1,Public Administration and Safety,93493900
2009Q2,Public Administration and Safety,96061600
2009Q3,Public Administration and Safety,93775000
2009Q4,Public Administration and Safety,95132000
2010Q1,Public Administration and Safety,97562700
2010Q2,Public Administration and Safety,100566400
2010Q3,Public Administration and Safety,102355000
2010Q4,Public Administration and Safety,100887400
2011Q1,Public Administration and Safety,103941900
2011Q2,Public Administration and Safety,103210300
2011Q3,Public Administration and Safety,102564200
2011Q4,Public Administration and Safety,104358600
2012Q1,Public Administration and Safety,102969000
2012Q2,Public Administration and Safety,105657400
2012Q3,Public Administration and Safety,104551600
2012Q4,Public Administration and Safety,112217900
2013Q1,Public Administration and Safety,114558100
2013Q2,Public Administration and Safety,115657800
2013Q3,Public Administration and Safety,118420800
2013Q4,Public Administration and Safety,119597600
2014Q1,Public Administration and Safety,119773300
2014Q2,Public Administration and Safety,121348300
2014Q3,Public Administration and Safety,121839600
2014Q4,Public Administration and Safety,124708500
2015Q1,Public Administration and Safety,125548600
2015Q2,Public Administration and Safety,125654700
2015Q3,Public Administration and Safety,126750100
2015Q4,Public Administration and Safety,129174300
2016Q1,Public Administration and Safety,132221500
2016Q2,Public Administration and Safety,130232000
2016Q3,Public Administration and Safety,135289400
2016Q4,Public Administration and Safety,142797600
2017Q1,Public Administration and Safety,143010900
2017Q2,Public Administration and Safety,140039100
2017Q3,Public Administration and Safety,138902600
2017Q4,Public Administration and Safety,146252200
2018Q1,Public Administration and Safety,145582600
2018Q2,Public Administration and Safety,147869000
2018Q3,Public Administration and Safety,149304200
2018Q4,Public Administration and Safety,154420300
1989Q1,Education and Training,42837900
1989Q2,Education and Training,42733400
1989Q3,Education and Training,44566500
1989Q4,Education and Training,44880600
1990Q1,Education and Training,44442600
1990Q2,Education and Training,45371300
1990Q3,Education and Training,47523800
1990Q4,Education and Training,49861900
1991Q1,Education and Training,49670000
1991Q2,Education and Training,50447500
1991Q3,Education and Training,51357000
1991Q4,Education and Training,51065100
1992Q1,Education and Training,49835400
1992Q2,Education and Training,50806100
1992Q3,Education and Training,51347600
1992Q4,Education and Training,52235800
1993Q1,Education and Training,51476200
1993Q2,Education and Training,53135400
1993Q3,Education and Training,54278400
1993Q4,Education and Training,54509400
1994Q1,Education and Training,53031900
1994Q2,Education and Training,54541900
1994Q3,Education and Training,55627900
1994Q4,Education and Training,56606800
1995Q1,Education and Training,54280900
1995Q2,Education and Training,56617900
1995Q3,Education and Training,58439600
1995Q4,Education and Training,59916800
1996Q1,Education and Training,59538500
1996Q2,Education and Training,61792400
1996Q3,Education and Training,62844500
1996Q4,Education and Training,65322400
1997Q1,Education and Training,61835000
1997Q2,Education and Training,67272100
1997Q3,Education and Training,68047200
1997Q4,Education and Training,68683400
1998Q1,Education and Training,67092300
1998Q2,Education and Training,70816300
1998Q3,Education and Training,72277900
1998Q4,Education and Training,73620900
1999Q1,Education and Training,74763100
1999Q2,Education and Training,76093700
1999Q3,Education and Training,75908600
1999Q4,Education and Training,78992300
2000Q1,Education and Training,75801300
2000Q2,Education and Training,80377900
2000Q3,Education and Training,82081200
2000Q4,Education and Training,82636800
2001Q1,Education and Training,76436900
2001Q2,Education and Training,82898900
2001Q3,Education and Training,84631200
2001Q4,Education and Training,88076400
2002Q1,Education and Training,86474600
2002Q2,Education and Training,91323200
2002Q3,Education and Training,94111900
2002Q4,Education and Training,95957800
2003Q1,Education and Training,95262500
2003Q2,Education and Training,99000700
2003Q3,Education and Training,102989800
2003Q4,Education and Training,104162200
2004Q1,Education and Training,101475300
2004Q2,Education and Training,105851800
2004Q3,Education and Training,108219400
2004Q4,Education and Training,110924100
2005Q1,Education and Training,103085000
2005Q2,Education and Training,107606200
2005Q3,Education and Training,107682100
2005Q4,Education and Training,111841300
2006Q1,Education and Training,106842700
2006Q2,Education and Training,113458800
2006Q3,Education and Training,114335900
2006Q4,Education and Training,118544600
2007Q1,Education and Training,109841100
2007Q2,Education and Training,119145700
2007Q3,Education and Training,122199000
2007Q4,Education and Training,123637000
2008Q1,Education and Training,114985900
2008Q2,Education and Training,123124400
2008Q3,Education and Training,132127000
2008Q4,Education and Training,135259100
2009Q1,Education and Training,128140000
2009Q2,Education and Training,132563700
2009Q3,Education and Training,135517200
2009Q4,Education and Training,134948200
2010Q1,Education and Training,121993200
2010Q2,Education and Training,133641700
2010Q3,Education and Training,136382100
2010Q4,Education and Training,139751600
2011Q1,Education and Training,121279800
2011Q2,Education and Training,139771000
2011Q3,Education and Training,142307200
2011Q4,Education and Training,142984000
2012Q1,Education and Training,126250400
2012Q2,Education and Training,142923300
2012Q3,Education and Training,142734900
2012Q4,Education and Training,143716300
2013Q1,Education and Training,129072200
2013Q2,Education and Training,144705600
2013Q3,Education and Training,149214800
2013Q4,Education and Training,150125400
2014Q1,Education and Training,134484100
2014Q2,Education and Training,145976800
2014Q3,Education and Training,148177800
2014Q4,Education and Training,148408000
2015Q1,Education and Training,138891200
2015Q2,Education and Training,150734500
2015Q3,Education and Training,155654300
2015Q4,Education and Training,162306100
2016Q1,Education and Training,144944400
2016Q2,Education and Training,157148700
2016Q3,Education and Training,158155400
2016Q4,Education and Training,160790200
2017Q1,Education and Training,138100900
2017Q2,Education and Training,155616900
2017Q3,Education and Training,160488000
2017Q4,Education and Training,162597200
2018Q1,Education and Training,151707500
2018Q2,Education and Training,168478700
2018Q3,Education and Training,168336400
2018Q4,Education and Training,168838800
1989Q1,Health Care and Social Assistance,41481000
1989Q2,Health Care and Social Assistance,39883400
1989Q3,Health Care and Social Assistance,39999400
1989Q4,Health Care and Social Assistance,40267200
1990Q1,Health Care and Social Assistance,40945900
1990Q2,Health Care and Social Assistance,41633700
1990Q3,Health Care and Social Assistance,42525500
1990Q4,Health Care and Social Assistance,43526800
1991Q1,Health Care and Social Assistance,45138500
1991Q2,Health Care and Social Assistance,44582500
1991Q3,Health Care and Social Assistance,45233000
1991Q4,Health Care and Social Assistance,44675000
1992Q1,Health Care and Social Assistance,45910800
1992Q2,Health Care and Social Assistance,45700300
1992Q3,Health Care and Social Assistance,45277000
1992Q4,Health Care and Social Assistance,45481200
1993Q1,Health Care and Social Assistance,45693800
1993Q2,Health Care and Social Assistance,46523400
1993Q3,Health Care and Social Assistance,46761800
1993Q4,Health Care and Social Assistance,46491400
1994Q1,Health Care and Social Assistance,48039800
1994Q2,Health Care and Social Assistance,48905700
1994Q3,Health Care and Social Assistance,47417700
1994Q4,Health Care and Social Assistance,50283500
1995Q1,Health Care and Social Assistance,49190000
1995Q2,Health Care and Social Assistance,49344500
1995Q3,Health Care and Social Assistance,50583900
1995Q4,Health Care and Social Assistance,51151200
1996Q1,Health Care and Social Assistance,50855300
1996Q2,Health Care and Social Assistance,52963200
1996Q3,Health Care and Social Assistance,54586900
1996Q4,Health Care and Social Assistance,55391300
1997Q1,Health Care and Social Assistance,54926700
1997Q2,Health Care and Social Assistance,57259900
1997Q3,Health Care and Social Assistance,60946800
1997Q4,Health Care and Social Assistance,59482600
1998Q1,Health Care and Social Assistance,57318000
1998Q2,Health Care and Social Assistance,59205500
1998Q3,Health Care and Social Assistance,60858300
1998Q4,Health Care and Social Assistance,61386800
1999Q1,Health Care and Social Assistance,60795000
1999Q2,Health Care and Social Assistance,63526000
1999Q3,Health Care and Social Assistance,62943900
1999Q4,Health Care and Social Assistance,64475900
2000Q1,Health Care and Social Assistance,63807900
2000Q2,Health Care and Social Assistance,65874200
2000Q3,Health Care and Social Assistance,68469400
2000Q4,Health Care and Social Assistance,68304000
2001Q1,Health Care and Social Assistance,69214700
2001Q2,Health Care and Social Assistance,72467800
2001Q3,Health Care and Social Assistance,76971900
2001Q4,Health Care and Social Assistance,76646200
2002Q1,Health Care and Social Assistance,77538200
2002Q2,Health Care and Social Assistance,78559000
2002Q3,Health Care and Social Assistance,79370100
2002Q4,Health Care and Social Assistance,82275900
2003Q1,Health Care and Social Assistance,82896100
2003Q2,Health Care and Social Assistance,84913900
2003Q3,Health Care and Social Assistance,83367500
2003Q4,Health Care and Social Assistance,88055400
2004Q1,Health Care and Social Assistance,89663100
2004Q2,Health Care and Social Assistance,91146100
2004Q3,Health Care and Social Assistance,91362000
2004Q4,Health Care and Social Assistance,94356300
2005Q1,Health Care and Social Assistance,95368200
2005Q2,Health Care and Social Assistance,99437000
2005Q3,Health Care and Social Assistance,101427500
2005Q4,Health Care and Social Assistance,103789100
2006Q1,Health Care and Social Assistance,104952600
2006Q2,Health Care and Social Assistance,106746100
2006Q3,Health Care and Social Assistance,110494700
2006Q4,Health Care and Social Assistance,113209900
2007Q1,Health Care and Social Assistance,116668500
2007Q2,Health Care and Social Assistance,116171600
2007Q3,Health Care and Social Assistance,119118400
2007Q4,Health Care and Social Assistance,120987300
2008Q1,Health Care and Social Assistance,125989700
2008Q2,Health Care and Social Assistance,129711200
2008Q3,Health Care and Social Assistance,133403000
2008Q4,Health Care and Social Assistance,135940300
2009Q1,Health Care and Social Assistance,139120900
2009Q2,Health Care and Social Assistance,137269000
2009Q3,Health Care and Social Assistance,138455700
2009Q4,Health Care and Social Assistance,142344700
2010Q1,Health Care and Social Assistance,146186000
2010Q2,Health Care and Social Assistance,145914100
2010Q3,Health Care and Social Assistance,147982900
2010Q4,Health Care and Social Assistance,150935700
2011Q1,Health Care and Social Assistance,152565900
2011Q2,Health Care and Social Assistance,152942500
2011Q3,Health Care and Social Assistance,150863800
2011Q4,Health Care and Social Assistance,152487700
2012Q1,Health Care and Social Assistance,156316700
2012Q2,Health Care and Social Assistance,160645200
2012Q3,Health Care and Social Assistance,157379800
2012Q4,Health Care and Social Assistance,160010000
2013Q1,Health Care and Social Assistance,159906100
2013Q2,Health Care and Social Assistance,163872800
2013Q3,Health Care and Social Assistance,167360700
2013Q4,Health Care and Social Assistance,172557200
2014Q1,Health Care and Social Assistance,177347700
2014Q2,Health Care and Social Assistance,176575900
2014Q3,Health Care and Social Assistance,178842900
2014Q4,Health Care and Social Assistance,182170300
2015Q1,Health Care and Social Assistance,184582800
2015Q2,Health Care and Social Assistance,189026800
2015Q3,Health Care and Social Assistance,188509800
2015Q4,Health Care and Social Assistance,191541000
2016Q1,Health Care and Social Assistance,197211700
2016Q2,Health Care and Social Assistance,196740600
2016Q3,Health Care and Social Assistance,197074000
2016Q4,Health Care and Social Assistance,200363900
2017Q1,Health Care and Social Assistance,207264500
2017Q2,Health Care and Social Assistance,207492500
2017Q3,Health Care and Social Assistance,215480000
2017Q4,Health Care and Social Assistance,218722200
2018Q1,Health Care and Social Assistance,220860600
2018Q2,Health Care and Social Assistance,223391000
2018Q3,Health Care and Social Assistance,227705600
2018Q4,Health Care and Social Assistance,229726500
1989Q1,"Arts, Recreation and Other Services",19038500
1989Q2,"Arts, Recreation and Other Services",19005900
1989Q3,"Arts, Recreation and Other Services",18774600
1989Q4,"Arts, Recreation and Other Services",18702400
1990Q1,"Arts, Recreation and Other Services",19752700
1990Q2,"Arts, Recreation and Other Services",19047500
1990Q3,"Arts, Recreation and Other Services",19173900
1990Q4,"Arts, Recreation and Other Services",19262200
1991Q1,"Arts, Recreation and Other Services",20594700
1991Q2,"Arts, Recreation and Other Services",20147000
1991Q3,"Arts, Recreation and Other Services",19883100
1991Q4,"Arts, Recreation and Other Services",20013300
1992Q1,"Arts, Recreation and Other Services",20747800
1992Q2,"Arts, Recreation and Other Services",20348300
1992Q3,"Arts, Recreation and Other Services",20425300
1992Q4,"Arts, Recreation and Other Services",20928800
1993Q1,"Arts, Recreation and Other Services",21866700
1993Q2,"Arts, Recreation and Other Services",21524500
1993Q3,"Arts, Recreation and Other Services",21617900
1993Q4,"Arts, Recreation and Other Services",21882300
1994Q1,"Arts, Recreation and Other Services",23051000
1994Q2,"Arts, Recreation and Other Services",23608700
1994Q3,"Arts, Recreation and Other Services",24002500
1994Q4,"Arts, Recreation and Other Services",24809300
1995Q1,"Arts, Recreation and Other Services",25255000
1995Q2,"Arts, Recreation and Other Services",25293700
1995Q3,"Arts, Recreation and Other Services",26202300
1995Q4,"Arts, Recreation and Other Services",26423500
1996Q1,"Arts, Recreation and Other Services",27565000
1996Q2,"Arts, Recreation and Other Services",27027300
1996Q3,"Arts, Recreation and Other Services",28803200
1996Q4,"Arts, Recreation and Other Services",28855400
1997Q1,"Arts, Recreation and Other Services",28721400
1997Q2,"Arts, Recreation and Other Services",29210000
1997Q3,"Arts, Recreation and Other Services",29263700
1997Q4,"Arts, Recreation and Other Services",30152900
1998Q1,"Arts, Recreation and Other Services",29552600
1998Q2,"Arts, Recreation and Other Services",30771500
1998Q3,"Arts, Recreation and Other Services",31336300
1998Q4,"Arts, Recreation and Other Services",31349600
1999Q1,"Arts, Recreation and Other Services",32591800
1999Q2,"Arts, Recreation and Other Services",31261800
1999Q3,"Arts, Recreation and Other Services",32097700
1999Q4,"Arts, Recreation and Other Services",33770800
2000Q1,"Arts, Recreation and Other Services",33374500
2000Q2,"Arts, Recreation and Other Services",33331100
2000Q3,"Arts, Recreation and Other Services",33722300
2000Q4,"Arts, Recreation and Other Services",35258300
2001Q1,"Arts, Recreation and Other Services",36202600
2001Q2,"Arts, Recreation and Other Services",36145200
2001Q3,"Arts, Recreation and Other Services",35916800
2001Q4,"Arts, Recreation and Other Services",37072000
2002Q1,"Arts, Recreation and Other Services",37698200
2002Q2,"Arts, Recreation and Other Services",38201200
2002Q3,"Arts, Recreation and Other Services",40632900
2002Q4,"Arts, Recreation and Other Services",41083200
2003Q1,"Arts, Recreation and Other Services",41350600
2003Q2,"Arts, Recreation and Other Services",41038000
2003Q3,"Arts, Recreation and Other Services",40569000
2003Q4,"Arts, Recreation and Other Services",43221000
2004Q1,"Arts, Recreation and Other Services",43713600
2004Q2,"Arts, Recreation and Other Services",44297500
2004Q3,"Arts, Recreation and Other Services",44608300
2004Q4,"Arts, Recreation and Other Services",45650600
2005Q1,"Arts, Recreation and Other Services",46200800
2005Q2,"Arts, Recreation and Other Services",44751700
2005Q3,"Arts, Recreation and Other Services",47475000
2005Q4,"Arts, Recreation and Other Services",48527600
2006Q1,"Arts, Recreation and Other Services",50113000
2006Q2,"Arts, Recreation and Other Services",49211100
2006Q3,"Arts, Recreation and Other Services",49871200
2006Q4,"Arts, Recreation and Other Services",50621700
2007Q1,"Arts, Recreation and Other Services",51091500
2007Q2,"Arts, Recreation and Other Services",49802500
2007Q3,"Arts, Recreation and Other Services",50612200
2007Q4,"Arts, Recreation and Other Services",51695900
2008Q1,"Arts, Recreation and Other Services",53092300
2008Q2,"Arts, Recreation and Other Services",51699300
2008Q3,"Arts, Recreation and Other Services",51719400
2008Q4,"Arts, Recreation and Other Services",52530100
2009Q1,"Arts, Recreation and Other Services",52606000
2009Q2,"Arts, Recreation and Other Services",51101300
2009Q3,"Arts, Recreation and Other Services",51597000
2009Q4,"Arts, Recreation and Other Services",53311100
2010Q1,"Arts, Recreation and Other Services",54419500
2010Q2,"Arts, Recreation and Other Services",55994100
2010Q3,"Arts, Recreation and Other Services",56495500
2010Q4,"Arts, Recreation and Other Services",55688200
2011Q1,"Arts, Recreation and Other Services",56852900
2011Q2,"Arts, Recreation and Other Services",56624600
2011Q3,"Arts, Recreation and Other Services",57354200
2011Q4,"Arts, Recreation and Other Services",56418600
2012Q1,"Arts, Recreation and Other Services",54937700
2012Q2,"Arts, Recreation and Other Services",54346100
2012Q3,"Arts, Recreation and Other Services",53383900
2012Q4,"Arts, Recreation and Other Services",55842000
2013Q1,"Arts, Recreation and Other Services",57561200
2013Q2,"Arts, Recreation and Other Services",55810200
2013Q3,"Arts, Recreation and Other Services",57568700
2013Q4,"Arts, Recreation and Other Services",58266800
2014Q1,"Arts, Recreation and Other Services",61083500
2014Q2,"Arts, Recreation and Other Services",61162700
2014Q3,"Arts, Recreation and Other Services",60387700
2014Q4,"Arts, Recreation and Other Services",62413500
2015Q1,"Arts, Recreation and Other Services",65384700
2015Q2,"Arts, Recreation and Other Services",61271600
2015Q3,"Arts, Recreation and Other Services",61917800
2015Q4,"Arts, Recreation and Other Services",64408400
2016Q1,"Arts, Recreation and Other Services",66181500
2016Q2,"Arts, Recreation and Other Services",65898900
2016Q3,"Arts, Recreation and Other Services",66932700
2016Q4,"Arts, Recreation and Other Services",70949600
2017Q1,"Arts, Recreation and Other Services",70547200
2017Q2,"Arts, Recreation and Other Services",68344500
2017Q3,"Arts, Recreation and Other Services",70413300
2017Q4,"Arts, Recreation and Other Services",71579600
2018Q1,"Arts, Recreation and Other Services",72828700
2018Q2,"Arts, Recreation and Other Services",73101800
2018Q3,"Arts, Recreation and Other Services",74229000
2018Q4,"Arts, Recreation and Other Services",74625600
1989Q1,All Industries,497885400
1989Q2,All Industries,491185000
1989Q3,All Industries,485420600
1989Q4,All Industries,489803300
1990Q1,All Industries,507868400
1990Q2,All Industries,501705100
1990Q3,All Industries,504236400
1990Q4,All Industries,512761100
1991Q1,All Industries,530237600
1991Q2,All Industries,515865200
1991Q3,All Industries,498869500
1991Q4,All Industries,504396600
1992Q1,All Industries,523422000
1992Q2,All Industries,517826700
1992Q3,All Industries,502423800
1992Q4,All Industries,517765300
1993Q1,All Industries,529308400
1993Q2,All Industries,526442700
1993Q3,All Industries,520878300
1993Q4,All Industries,535393000
1994Q1,All Industries,555002200
1994Q2,All Industries,568271700
1994Q3,All Industries,562151400
1994Q4,All Industries,582578300
1995Q1,All Industries,594886200
1995Q2,All Industries,597392300
1995Q3,All Industries,603536500
1995Q4,All Industries,620947500
1996Q1,All Industries,631776200
1996Q2,All Industries,638692100
1996Q3,All Industries,646920900
1996Q4,All Industries,668794900
1997Q1,All Industries,656056600
1997Q2,All Industries,676711200
1997Q3,All Industries,680299400
1997Q4,All Industries,691890700
1998Q1,All Industries,681708800
1998Q2,All Industries,695149200
1998Q3,All Industries,693133700
1998Q4,All Industries,704161100
1999Q1,All Industries,712655700
1999Q2,All Industries,710254300
1999Q3,All Industries,708688400
1999Q4,All Industries,730539100
2000Q1,All Industries,735232600
2000Q2,All Industries,739850300
2000Q3,All Industries,749227500
2000Q4,All Industries,772775700
2001Q1,All Industries,774794800
2001Q2,All Industries,794567000
2001Q3,All Industries,795200400
2001Q4,All Industries,823292100
2002Q1,All Industries,840523600
2002Q2,All Industries,848807600
2002Q3,All Industries,858365600
2002Q4,All Industries,885186400
2003Q1,All Industries,895488300
2003Q2,All Industries,901310500
2003Q3,All Industries,902014600
2003Q4,All Industries,934859800
2004Q1,All Industries,948894300
2004Q2,All Industries,963269900
2004Q3,All Industries,960387900
2004Q4,All Industries,994417900
2005Q1,All Industries,1011032900
2005Q2,All Industries,1017682100
2005Q3,All Industries,1024966800
2005Q4,All Industries,1051844900
2006Q1,All Industries,1077154200
2006Q2,All Industries,1089351100
2006Q3,All Industries,1101352000
2006Q4,All Industries,1138738000
2007Q1,All Industries,1142860800
2007Q2,All Industries,1158245300
2007Q3,All Industries,1161910800
2007Q4,All Industries,1210771400
2008Q1,All Industries,1221554000
2008Q2,All Industries,1236620100
2008Q3,All Industries,1235507400
2008Q4,All Industries,1252534400
2009Q1,All Industries,1254227400
2009Q2,All Industries,1242158800
2009Q3,All Industries,1234131500
2009Q4,All Industries,1254203500
2010Q1,All Industries,1257498100
2010Q2,All Industries,1278079100
2010Q3,All Industries,1279582300
2010Q4,All Industries,1303105800
2011Q1,All Industries,1316045600
2011Q2,All Industries,1338438200
2011Q3,All Industries,1338322100
2011Q4,All Industries,1365184000
2012Q1,All Industries,1376062600
2012Q2,All Industries,1407980600
2012Q3,All Industries,1400488300
2012Q4,All Industries,1427089100
2013Q1,All Industries,1435876800
2013Q2,All Industries,1462615600
2013Q3,All Industries,1475127600
2013Q4,All Industries,1501289200
2014Q1,All Industries,1527566400
2014Q2,All Industries,1554173800
2014Q3,All Industries,1549430000
2014Q4,All Industries,1587130200
2015Q1,All Industries,1618564400
2015Q2,All Industries,1635958300
2015Q3,All Industries,1635142400
2015Q4,All Industries,1681627400
2016Q1,All Industries,1696300700
2016Q2,All Industries,1720030300
2016Q3,All Industries,1722112900
2016Q4,All Industries,1762871000
2017Q1,All Industries,1777763100
2017Q2,All Industries,1807263200
2017Q3,All Industries,1813378900
2017Q4,All Industries,1860833200
2018Q1,All Industries,1877670500
2018Q2,All Industries,1907445200
2018Q3,All Industries,1908790900
2018Q4,All Industries,1955658900
